Title,Link
Validate Binary Search Tree - Leetcode 98,https://www.youtube.com/watch?v=tpIho2vhkho
Kth Largest Element in a Stream - Leetcode 703,https://www.youtube.com/watch?v=o1A20jJGPN4
Add Two Numbers - Leetcode 2,https://www.youtube.com/watch?v=PiT_FE8oyfM
Coin Change - Leetcode 322,https://www.youtube.com/watch?v=ZM9svNsfzc4
Valid Sudoku - Leetcode 36,https://www.youtube.com/watch?v=Ohpr2TM1IRQ
Longest Consecutive Sequence - Leetcode 128,https://www.youtube.com/watch?v=ahysrRu0bHw
Product of Array Except Self - Leetcode 238,https://www.youtube.com/watch?v=oxTWIfJk7jE
Climbing Stairs - Leetcode 70,https://www.youtube.com/watch?v=x4epBH6HF10
Maximum Subarray - Leetcode 53,https://www.youtube.com/watch?v=rzQjLJq5sbQ
Permutations - Leetcode 46,https://www.youtube.com/watch?v=KPgQQWSqss4
Single Number - Leetcode 136,https://www.youtube.com/watch?v=X6vgc_Iubf0
Meeting Rooms - Leetcode 252,https://www.youtube.com/watch?v=_nPsMXHOZjw
Max Area of Island - Leetcode 695,https://www.youtube.com/watch?v=tXgcTl-vH9Q
Encode and Decode Strings - Leetcode 271,https://www.youtube.com/watch?v=zwUjHW8Exyc
Linked List Cycle - Leetcode 141,https://www.youtube.com/watch?v=x17H3X-BzPY
Valid Palindrome - Leetcode 125 - Python,https://www.youtube.com/watch?v=jGYDz5dUf1M
Maximum Performance of a Team - Leetcode 1383 - Python,https://www.youtube.com/watch?v=Y7UTvogADH0
Construct String from Binary Tree - Leetcode 606 - Python,https://www.youtube.com/watch?v=b1WpYxnuebQ
Count Vowels Permutation - Dynamic Programming - Leetcode 1220 - Python,https://www.youtube.com/watch?v=VUVpTZVa7Ls
Non-Decreasing Array - Leetcode 665 - Python,https://www.youtube.com/watch?v=RegQckCegDk
Search Suggestions System - Leetcode 1268 - Python,https://www.youtube.com/watch?v=D4T2N0yAr20
N-Queens II - Leetcode 52 - Python,https://www.youtube.com/watch?v=nalYyLZgvCY
Range Sum Query 2D - Immutable - Leetcode 304 - Python,https://www.youtube.com/watch?v=KE8MQuwE2yA
Check if a String Contains all Binary Codes of Size K - Leetcode 1461 - Python,https://www.youtube.com/watch?v=qU32rTy_kOM
132 Pattern - Leetcode 456 - Python,https://www.youtube.com/watch?v=q5ANAl8Z458
Remove All Adjacent Duplicates in String II - Leetcode 1209 - Python,https://www.youtube.com/watch?v=w6LcypDgC4w
Convert BST to Greater Tree - Leetcode 538 - Python,https://www.youtube.com/watch?v=7vVEJwVvAlI
Populating Next Right Pointers in Each Node - Leetcode 116 - Python,https://www.youtube.com/watch?v=U4hFQCa1Cq0
Shift 2D Grid - Leetcode 1260 - Python,https://www.youtube.com/watch?v=nJYFh4Dl-as
Baseball Game - Leetcode 682 - Python,https://www.youtube.com/watch?v=Id_tqGdsZQI
Find Eventual Safe States - Leetcode 802 - Python,https://www.youtube.com/watch?v=Re_v0j0CRsg
Car Pooling - Leetcode 1094 - Python,https://www.youtube.com/watch?v=08sn_w4LWEE
Valid Palindrome II - Leetcode 680 - Python,https://www.youtube.com/watch?v=JrxRYBwG6EI
Reverse String - 3 Ways - Leetcode 344 - Python,https://www.youtube.com/watch?v=_d0T_2Lk2qA
Split Array Largest Sum - Leetcode 410 - Python,https://www.youtube.com/watch?v=YUF3_eBdzsk
Binary Search Tree Iterator - Leetcode 173 - Python,https://www.youtube.com/watch?v=RXy5RzGF5wo
Binary Search - Leetcode 704 - Python,https://www.youtube.com/watch?v=s4DPM8ct1pI
Two City Scheduling - Leetcode 1029 - Python,https://www.youtube.com/watch?v=d-B_gk_gJtQ
Boats to Save People - Leetcode 881 - Python,https://www.youtube.com/watch?v=XbaxWuHIWUs
Shortest Bridge - Leetcode 934 - Python,https://www.youtube.com/watch?v=gkINMhbbIbU
Next Greater Element I - Leetcode 496 - Python,https://www.youtube.com/watch?v=68a1Dc_qVq4
Maximum Frequency Stack - Leetcode 895 - Python,https://www.youtube.com/watch?v=Z6idIicFDOE
Insert Delete GetRandom O(1) - Leetcode 380 - Python,https://www.youtube.com/watch?v=j4KwhBziOpg
Repeated DNA Sequences - Leetcode 187 - Python,https://www.youtube.com/watch?v=FzTYfsmtOso
Push Dominoes - Leetcode 838 - Python,https://www.youtube.com/watch?v=evUFsOb_iLY
Iterative & Recursive - Binary Tree Inorder Traversal - Leetcode 94 - Python,https://www.youtube.com/watch?v=g_S5WuasWUE
Arranging Coins - Leetcode 441 - Python,https://www.youtube.com/watch?v=5rHz_6s2Buw
4Sum - Leetcode 18 - Python,https://www.youtube.com/watch?v=EYeR-_1NRlQ
Continuous Subarray Sum - Leetcode 523 - Python,https://www.youtube.com/watch?v=OKcrLfR-8mE
Minimum Domino Rotations for Equal Row - Leetcode 1007 - Python,https://www.youtube.com/watch?v=VD9NACqBCw4
Evaluate Reverse Polish Notation - Leetcode 150 - Python,https://www.youtube.com/watch?v=iu0082c4HDE
Longest Happy String - Leetcode 1405 - Python,https://www.youtube.com/watch?v=8u-H6O_XQKE
Largest Number - Leetcode 179 - Python,https://www.youtube.com/watch?v=WDx6Y4i4xJ8
Remove Covered Intervals - Leetcode 1288 - Python,https://www.youtube.com/watch?v=nhAsMabiVkM
Design Circular Queue - Leetcode 622 - Python,https://www.youtube.com/watch?v=aBbsfn863oA
Remove K Digits - Leetcode 402 - Python,https://www.youtube.com/watch?v=cFabMOnJaq0
Insertion Sort List - Leetcode 147 - Python,https://www.youtube.com/watch?v=Kk6mXAzqX3Y
Wiggle Sort - Leetcode 280 - Python,https://www.youtube.com/watch?v=vGsyTE4s34w
Online Stock Span - Leetcode 901 - Python,https://www.youtube.com/watch?v=slYh0ZNEqSw
Word Pattern - Leetcode 290 - Python,https://www.youtube.com/watch?v=W_akoecmCbM
Guess Number Higher or Lower - Leetcode 374 - Python,https://www.youtube.com/watch?v=xW4QsTtaCa4
Valid Perfect Square - Leetcode 367 - Python,https://www.youtube.com/watch?v=Cg_wWPHJ2Sk
Find K Closest Elements - Leetcode 658 - Python,https://www.youtube.com/watch?v=o-YDQzHoaKM
Valid Parenthesis String - Leetcode 678 - Python,https://www.youtube.com/watch?v=QhPdNS143Qg
Minimum Size Subarray Sum - Leetcode 209 - Python,https://www.youtube.com/watch?v=aYqYMIqZx5s
Maximum Number of Balloons - Leetcode 1189 - Python,https://www.youtube.com/watch?v=G9xeB2-7PqY
Find All Numbers Disappeared in an Array - Leetcode 448 - Python,https://www.youtube.com/watch?v=8i-f24YFWC4
Open the Lock - Leetcode 752 - Python,https://www.youtube.com/watch?v=Pzg3bCDY87w
Intersection of Two Linked Lists - Leetcode 160 - Python,https://www.youtube.com/watch?v=D0X0BONOQhI
Snakes and Ladders - Leetcode 909 - Python,https://www.youtube.com/watch?v=6lH4nO3JfLk
Single Number - Leetcode 136 - Python,https://www.youtube.com/watch?v=qMPX1AOa83k
Design Twitter - Leetcode 355 - Python,https://www.youtube.com/watch?v=pNichitDD2E
Find Pivot Index - Leetcode 724 - Python,https://www.youtube.com/watch?v=u89i60lYx8U
Reorganize String - Tesla Interview Question - Leetcode 767 - Python,https://www.youtube.com/watch?v=2g_b1aYTHeg
Longest Increasing Path in a Matrix - Leetcode 329,https://www.youtube.com/watch?v=wCc_nd-GiEc
Move Zeroes - Leetcode 283 - Python,https://www.youtube.com/watch?v=aayNRwUN3Do
Subsets II - Backtracking - Leetcode 90 - Python,https://www.youtube.com/watch?v=Vn2v6ajA7U0
Delete and Earn - Dynamic Programming - Leetcode 740 - Python,https://www.youtube.com/watch?v=7FCemBxvGw0
Reconstruct Itinerary - Leetcode 332 - Python,https://www.youtube.com/watch?v=ZyB_gQ8vqGA
Path Sum - Leetcode 112 - Python,https://www.youtube.com/watch?v=LSKQyOz_P8I
Squares of a Sorted Array - Leetcode 977 - Python,https://www.youtube.com/watch?v=FPCZsG_AkUg
Rotting Oranges - Leetcode 994 - Python,https://www.youtube.com/watch?v=y704fEOx0s0
Task Scheduler - Leetcode 621 - Python,https://www.youtube.com/watch?v=s8p8ukTyA2I
Number of Longest Increasing Subsequence - Dynamic Programming - Leetcode 673 - Python,https://www.youtube.com/watch?v=Tuc-rjJbsXU
Implement Stack using Queues - Leetcode 225 - Python,https://www.youtube.com/watch?v=rW4vm0-DLYc
Permutation in String - Leetcode 567 - Python,https://www.youtube.com/watch?v=UbyhOgBN834
Majority Element - Leetcode 169 - Python,https://www.youtube.com/watch?v=7pnhv842keE
Matchsticks to Square - Leetcode 473 - Python,https://www.youtube.com/watch?v=hUe0cUKV-YY
Integer Break - Dynamic Programming - Leetcode 343 - Python,https://www.youtube.com/watch?v=in6QbUPMJ3I
Knuth–Morris–Pratt KMP - Find the Index of the First Occurrence in a String - Leetcode 28 - Python,https://www.youtube.com/watch?v=JoF0Z7nVSrA
Find the Index of the First Occurrence in a String - Leetcode 28 - Python,https://www.youtube.com/watch?v=Gjkhm1gYIMw
Find Bottom Left Tree Value - Leetcode 513 - Python,https://www.youtube.com/watch?v=u_by_cTsNJA
Find All Anagrams in a String - Leetcode 438 - Python,https://www.youtube.com/watch?v=G8xtZy0fDKg
Can Place Flowers - Leetcode 605 - Python,https://www.youtube.com/watch?v=ZGxqqjljpUI
Max Area of Island - Leetcode 695 - Python,https://www.youtube.com/watch?v=iJGr1OtmH0c
Partition to K Equal Sum Subsets - Backtracking - Leetcode 698 - Python,https://www.youtube.com/watch?v=mBk4I0X46oI
Trim a Binary Search Tree - Leetcode 669 - Python,https://www.youtube.com/watch?v=jwt5mTjEXGc
Remove Duplicates from Sorted List - Leetcode 83 - Python,https://www.youtube.com/watch?v=p10f-VpO4nE
Partition Labels - Leetcode 763 - Python,https://www.youtube.com/watch?v=B7m8UmZE-vw
Contains Duplicate - Leetcode 217 - Python,https://www.youtube.com/watch?v=3OamzN90kPg
Kth Largest Element in a Stream - Leetcode 703 - Python,https://www.youtube.com/watch?v=hOjcdrqMoQ8
Target Sum - Dynamic Programming - Leetcode 494 - Python,https://www.youtube.com/watch?v=g0npyaQtAQM
Sum of Two Integers - Leetcode 371 - Java,https://www.youtube.com/watch?v=gVUrDV4tZfY
Valid Anagram - Leetcode 242 - Python,https://www.youtube.com/watch?v=9UtInBqnCgA
Car Fleet - Leetcode 853 - Python,https://www.youtube.com/watch?v=Pr6T-3yB9RM
Number of 1 Bits - Leetcode 191 - Python,https://www.youtube.com/watch?v=5Km3utixwZs
Isomorphic Strings - Leetcode 205 - Python,https://www.youtube.com/watch?v=7yF-U1hLEqQ
Non-Overlapping Intervals - Leetcode 435 - Python,https://www.youtube.com/watch?v=nONCGxWoUfM
Best Time to Buy and Sell Stock with Cooldown - Leetcode 309 - Python,https://www.youtube.com/watch?v=I7j0F7AHpb8
Valid Palindrome - Leetcode 125 - Python,https://www.youtube.com/watch?v=jJXJ16kPFWg
Time Based Key-Value Store - Leetcode 981 - Python,https://www.youtube.com/watch?v=fu2cD_6E8Hw
Subtree of Another Tree - Leetcode 572 - Python,https://www.youtube.com/watch?v=E36O5SWp-LE
Stone Game - Leetcode 877 - Python,https://www.youtube.com/watch?v=uhgdXOlGYqE
Restore IP Addresses - Leetcode 93 - Python,https://www.youtube.com/watch?v=61tN4YEdiTM
Min Cost Climbing Stairs - Dynamic Programming - Leetcode 746 - Python,https://www.youtube.com/watch?v=ktmzAZWkEZ0
Find Missing Observations - Leetcode 2028 Weekly Contest Problem - Python,https://www.youtube.com/watch?v=86yKkaNi3sU
Reverse Linked List II - Leetcode 92 - Python,https://www.youtube.com/watch?v=RF_M9tX4Eag
Unique Email Addresses - Two Solutions - Leetcode 929 Python,https://www.youtube.com/watch?v=TC_xLIWl7qY
Maximum Length of a Concatenated String with Unique Characters - Leetcode 1239 - Python,https://www.youtube.com/watch?v=d4SPuvkaeoo
Integer to Roman - Leetcode 12 - Python,https://www.youtube.com/watch?v=ohBNdSJyLh8
All Possible Full Binary Trees - Memoization - Leetcode 894 - Python,https://www.youtube.com/watch?v=nZtrZPTTCAo
Flatten Binary Tree to Linked List - Leetcode 114 - Python,https://www.youtube.com/watch?v=rKnD7rLT0lI
Remove Element - Leetcode 27 - Python,https://www.youtube.com/watch?v=Pcd1ii9P9ZI
Maximum Product of the Length of Two Palindromic Subsequences - Leetcode 2002 - Python,https://www.youtube.com/watch?v=aoHbYlO8vDg
Number of Pairs of Interchangeable Rectangles - Leetcode 2001 - Python,https://www.youtube.com/watch?v=lEQ8ZlLOuyQ
Length of Last Word - Leetcode 58 - Python,https://www.youtube.com/watch?v=KT9rltZTybQ
Minimum Cost for Tickets - Dynamic Programming - Leetcode 983 - Python,https://www.youtube.com/watch?v=4pY1bsBpIY4
Ugly Number - Leetcode 263 - Python,https://www.youtube.com/watch?v=M0Zay1Qr9ws
Remove Duplicates from Sorted Array - Leetcode 26 - Python,https://www.youtube.com/watch?v=DEJAZBq0FDA
Longest Common Prefix - Leetcode 14 - Python,https://www.youtube.com/watch?v=0sWShKIJoo4
Bellman-Ford - Cheapest Flights within K Stops - Leetcode 787 - Python,https://www.youtube.com/watch?v=5eIK3zUdYmE
Combinations - Leetcode 77 - Python,https://www.youtube.com/watch?v=q0s6m7AiM7o
Roman to Integer - Leetcode 13 - Python,https://www.youtube.com/watch?v=3jdxYj3DD98
Balanced Binary Tree - Leetcode 110 - Python,https://www.youtube.com/watch?v=QfJsau0ItOY
Kth Largest Element in an Array - Quick Select - Leetcode 215 - Python,https://www.youtube.com/watch?v=XEmy13g1Qxc
Coin Change 2 - Dynamic Programming Unbounded Knapsack - Leetcode 518 - Python,https://www.youtube.com/watch?v=Mjy4hd2xgrs
ZigZag Conversion - Leetcode 6 - Python,https://www.youtube.com/watch?v=Q2Tw6gcVEwc
"Pow(x, n) - X to the power of N - Leetcode 50 - Python",https://www.youtube.com/watch?v=g9YQyYi4IQQ
Palindrome Number - Leetcode 9 - Python,https://www.youtube.com/watch?v=yubRKwixN-U
Reverse Integer - Bit Manipulation - Leetcode 7 - Python,https://www.youtube.com/watch?v=HAgLH58IgJQ
Surrounded Regions - Graph - Leetcode 130 - Python,https://www.youtube.com/watch?v=9z2BunfoZ5Y
Array With Elements Not Equal to Average of Neighbors - Leetcode 1968 - Python,https://www.youtube.com/watch?v=Wmb3YdVYfqM
Flip Equivalent Binary Trees - Leetcode 951 - Python,https://www.youtube.com/watch?v=izRDc1il9Pk
Pascal's Triangle - Leetcode 118 - Python,https://www.youtube.com/watch?v=nPVEaB3AjUM
Minimum Number of Swaps to Make String Balanced - Leetcode 1963 Weekly Contest - Python,https://www.youtube.com/watch?v=3YDBT9ZrfaU
Last Stone Weight - Priority Queue - Leetcode 1046 - Python,https://www.youtube.com/watch?v=B-QCq79-Vfw
Decode String - Leetcode 394 - Python,https://www.youtube.com/watch?v=qB0zZpBJlh8
Missing Number - Blind 75 - Leetcode 268 - Python,https://www.youtube.com/watch?v=WnPLSRLSANE
Robot Bounded in Circle - Math & Geometry - Leetcode 1041 - Python,https://www.youtube.com/watch?v=nKv2LnC_g6E
Insert Interval - Leetcode 57 - Python,https://www.youtube.com/watch?v=A8NUOmlwOlM
Minimum Path Sum - Dynamic Programming - Leetcode 64 - Python,https://www.youtube.com/watch?v=pGMsrvt0fpk
Encode and Decode Strings - Leetcode 271 - Python,https://www.youtube.com/watch?v=B1k_sxOSgv8
Combination Sum II - Backtracking - Leetcode 40 - Python,https://www.youtube.com/watch?v=rSA3t6BDDwg
Rotate Array - Leetcode 189 - Python,https://www.youtube.com/watch?v=BHr381Guz3Y
Unique Length-3 Palindromic Subsequences - Leetcode 1930 - Python,https://www.youtube.com/watch?v=3THUt0vAFLU
Reverse Bits - Binary - Leetcode 190 - Python,https://www.youtube.com/watch?v=UcoN6UjAI64
Multiply Strings - Leetcode 43 - Python,https://www.youtube.com/watch?v=1vZswirL8Y8
Decode Ways - Dynamic Programming - Leetcode 91 - Python,https://www.youtube.com/watch?v=6aEyTjOwlJU
Find Minimum in Rotated Sorted Array - Binary Search - Leetcode 153 - Python,https://www.youtube.com/watch?v=nIVW4P8b1VA
Valid Sudoku - Amazon Interview Question - Leetcode 36 - Python,https://www.youtube.com/watch?v=TjFXEUCMqI8
Eliminate Maximum Number of Monsters - Leetcode 1921 -  Weekly Contest 248 - Python,https://www.youtube.com/watch?v=6QQRayzOTD4
Paint House - Dynamic Programming - Leetcode 256 - Python,https://www.youtube.com/watch?v=-w67-4tnH5U
K Closest Points to Origin - Heap / Priority Queue - Leetcode 973 - Python,https://www.youtube.com/watch?v=rI2EBUEMfTk
Linkedin Interview Question - Reorder List - Leetcode 143 - Python,https://www.youtube.com/watch?v=S5bfdUTrKLM
Verifying an Alien Dictionary - Leetcode 953 - Python,https://www.youtube.com/watch?v=OVgPAJIyX6o
Maximum Points you can Obtain from Cards - Leetcode 1423 - Python,https://www.youtube.com/watch?v=TsA4vbtfCvo
Count Good Nodes in a Binary Tree - Leetcode 1448 - Python,https://www.youtube.com/watch?v=7cp5imvDzl4
Game of Life - Leetcode 289 - Python,https://www.youtube.com/watch?v=fei4bJQdBUQ
Maximum Alternating Subsequence Sum - Dynamic Programming - Leetcode 1911 - Python,https://www.youtube.com/watch?v=4v42XOuU1XA
Word Ladder - Breadth First Search - Leetcode 127 - Python,https://www.youtube.com/watch?v=h9iTnkgv05E
Search a 2D Matrix - Leetcode 74 - Python,https://www.youtube.com/watch?v=Ber2pi2C0j0
Sort Colors - Quicksort Partition - Leetcode 75 - Python,https://www.youtube.com/watch?v=4xbWSRZHqac
Design Min Stack - Amazon Interview Question - Leetcode 155 - Python,https://www.youtube.com/watch?v=qkLl7nAwDPo
Interleaving Strings - Dynamic Programming - Leetcode 97 - Python,https://www.youtube.com/watch?v=3Rw3p9LrgvE
Walls and Gates - Multi-Source BFS - Leetcode 286 - Python,https://www.youtube.com/watch?v=e69C6xhiSQE
Swim in Rising Water - Dijkstra's Algorithm - Leetcode 778 - Python,https://www.youtube.com/watch?v=amvrKlMLuGY
Count Sub Islands - DFS - Leetcode 1905 - Python,https://www.youtube.com/watch?v=mLpW3qfbNJ8
Daily Temperatures - Monotonic Stack - Leetcode 739 - Python,https://www.youtube.com/watch?v=cTBiBSnjO3c
Linked List Cycle - Floyd's Tortoise and Hare - Leetcode 141 - Python,https://www.youtube.com/watch?v=gBTe7lFR3vc
Minimum Number of Days to Eat N Oranges - Dynamic Programming - Leetcode 1553 - Python,https://www.youtube.com/watch?v=LziQ6Qx9sks
Subarray Sum Equals K - Prefix Sums - Leetcode 560 - Python,https://www.youtube.com/watch?v=fFVZt-6sgyo
N-Queens - Backtracking - Leetcode 51 - Python,https://www.youtube.com/watch?v=Ph95IHmRp5M
Find the Duplicate Number - Floyd's Cycle Detection - Leetcode 287 - Python,https://www.youtube.com/watch?v=wjYnzkAhcNk
Maximum Number of Removable Characters - Binary Search - Leetcode 1898 - Python,https://www.youtube.com/watch?v=NMP3nRPyX5g
Merge Triplets to Form Target Triplet - Greedy - Leetcode 1899 - Python,https://www.youtube.com/watch?v=kShkQLQZ9K4
Prim's Algorithm - Minimum Spanning Tree - Min Cost to Connect all Points - Leetcode 1584 - Python,https://www.youtube.com/watch?v=f7JOBJIC-NA
Maximum Depth of Binary Tree - 3 Solutions - Leetcode 104 - Python,https://www.youtube.com/watch?v=hTM3phVI6YQ
Alien Dictionary - Topological Sort - Leetcode 269 - Python,https://www.youtube.com/watch?v=6kTZYvNNyps
Number of Connected Components in an Undirected Graph - Union Find - Leetcode 323 - Python,https://www.youtube.com/watch?v=8f1XPm4WOUc
Word Search II - Backtracking Trie - Leetcode 212 - Python,https://www.youtube.com/watch?v=asbcE9mZz_U
Counting Bits - Dynamic Programming - Leetcode 338 - Python,https://www.youtube.com/watch?v=RyBM56RIWrM
Minimum Number of Flips to make Binary String Alternating - Sliding Window - Leetcode 1888 - Python,https://www.youtube.com/watch?v=MOeuK6gaC2A
Climbing Stairs - Dynamic Programming - Leetcode 70 - Python,https://www.youtube.com/watch?v=Y0lT9Fck7qI
Stickers to Spell Word - DP Memoization - Leetcode 691 - Python,https://www.youtube.com/watch?v=hsomLb6mUdI
Binary Tree Maximum Path Sum - DFS - Leetcode 124 - Python,https://www.youtube.com/watch?v=Hr5cWUld4vU
Design Add and Search Words Data Structure - Leetcode 211 - Python,https://www.youtube.com/watch?v=BTf05gs_8iU
Combination Sum - Backtracking - Leetcode 39 - Python,https://www.youtube.com/watch?v=GBKI9VSKdGg
Palindromic Substrings - Leetcode 647 - Python,https://www.youtube.com/watch?v=4RACzI5-du8
Process Tasks Using Servers - Leetcode 1882 - Python,https://www.youtube.com/watch?v=XKA22PecuMQ
Pacific Atlantic Water Flow - Leetcode 417 - Python,https://www.youtube.com/watch?v=s-VkcjHqkGI
Graph Valid Tree - Leetcode 261 - Python,https://www.youtube.com/watch?v=bXsUuownnoQ
Longest Repeating Character Replacement - Leetcode 424 - Python,https://www.youtube.com/watch?v=gqXU1UyA8pk
Product of Array Except Self - Leetcode 238 - Python,https://www.youtube.com/watch?v=bNvIQI2wAjk
Lowest Common Ancestor of a Binary Search Tree - Leetcode 235 - Python,https://www.youtube.com/watch?v=gs2LMfuOR9k
Meeting Rooms II - Leetcode 253 - Python,https://www.youtube.com/watch?v=FdzJmTCVyJU
Jump Game VII - Leetcode 1871 - Python,https://www.youtube.com/watch?v=v1HpZUnQ4Yo
Meeting Rooms - Leetcode 252 - Python,https://www.youtube.com/watch?v=PaJxqZVPhbg
Hand of Straights - Leetcode 846 - Python,https://www.youtube.com/watch?v=amnrMCVd2YI
Word Break - Dynamic Programming - Leetcode 139 - Python,https://www.youtube.com/watch?v=Sx9NNgInc3A
Partition Equal Subset Sum - Dynamic Programming - Leetcode 416 - Python,https://www.youtube.com/watch?v=IsvocB5BJhw
Serialize and Deserialize Binary Tree - Preorder Traversal - Leetcode 297 - Python,https://www.youtube.com/watch?v=u4JAi2JJhI8
Redundant Connection - Union Find - Leetcode 684 - Python,https://www.youtube.com/watch?v=FXWRE67PLL0
Number of Ways to Rearrange Sticks With K Sticks Visible - Dynamic Programming - Leetcode 1866,https://www.youtube.com/watch?v=O761YBjGxGA
Koko Eating Bananas - Binary Search - Leetcode 875 - Python,https://www.youtube.com/watch?v=U2SozAs9RzA
Top K Frequent Elements - Bucket Sort - Leetcode 347 - Python,https://www.youtube.com/watch?v=YPTqKIgVk-k
Burst Baloons - Dynamic Programming - Leetcode 312 - Python,https://www.youtube.com/watch?v=VFskby7lUbw
Best Time to Buy and Sell a Stock II - Leetcode 122 - Python,https://www.youtube.com/watch?v=3SJ3pUkPQMc
Combination Sum IV - Dynamic Programming - Leetcode 377 - Python,https://www.youtube.com/watch?v=dw2nMCxG0ik
Distinct Subsequences - Dynamic Programming - Leetcode 115 - Python,https://www.youtube.com/watch?v=-RDzMJ33nx8
Maximum Subarray Min-Product - Monotonic Increasing Stack - Leetcode 1856 - Python,https://www.youtube.com/watch?v=YLesLbNkyjA
Edit Distance - Dynamic Programming - Leetcode 72 - Python,https://www.youtube.com/watch?v=XYi2-LPrwm4
First Missing Positive - Leetcode 41 - Python,https://www.youtube.com/watch?v=8g78yfzMlao
Perfect Squares - Dynamic Programming - Leetcode 279 - Python,https://www.youtube.com/watch?v=HLZLwjzIVGo
Plus One - Leetcode 66 - Python,https://www.youtube.com/watch?v=jIaA8boiG1s
Minimum Interval to Include Each Query - Leetcode 1851 - Python,https://www.youtube.com/watch?v=5hQ5WWW5awQ
Gas Station - Greedy - Leetcode 134 - Python,https://www.youtube.com/watch?v=lJwbPZGo05A
Splitting a String Into Descending Consecutive Values - Leetcode 1849 - Python,https://www.youtube.com/watch?v=eDtMmysldaw
Seat Reservation Manager - Leetcode 1845 - Python,https://www.youtube.com/watch?v=ahobllKXEEY
Same Tree - Leetcode 100 - Python,https://www.youtube.com/watch?v=vRbbcKXCxOw
Network Delay Time - Dijkstra's algorithm - Leetcode 743,https://www.youtube.com/watch?v=EaphyqKU4PQ
Frequency of the Most Frequent Element - Sliding Window - Leetcode 1838,https://www.youtube.com/watch?v=vgBrQ0NM5vE
Implement Trie (Prefix Tree) - Leetcode 208,https://www.youtube.com/watch?v=oobqoCJlHA0
Brick Wall - Leetcode 554 - Python,https://www.youtube.com/watch?v=Kkmv2h48ekw
Add Binary - Leetcode 67 - Python,https://www.youtube.com/watch?v=keuWJ47xG8g
Word Search - Backtracking - Leetcode 79 - Python,https://www.youtube.com/watch?v=pfiQ_PS1g8E
Valid Parentheses - Stack - Leetcode 20 - Python,https://www.youtube.com/watch?v=WTzjTskDFMg
Single-Threaded CPU - Priority Queue - Leetcode 1834 - Python,https://www.youtube.com/watch?v=RR1n-d4oYqE
Construct Binary Tree from Inorder and Preorder Traversal - Leetcode 105 - Python,https://www.youtube.com/watch?v=ihj4IQGZ2zc
Jump Game II - Greedy - Leetcode 45 - Python,https://www.youtube.com/watch?v=dJ7sWiOoK7g
Simplify Path - Stack - Leetcode 71 - Python,https://www.youtube.com/watch?v=qYlHrAKJfyA
Rotate List - Linked List - Leetcode 61 - Python,https://www.youtube.com/watch?v=UcGtPs2LE_c
Encode and Decode TinyURL - Leetcode 535 - Python,https://www.youtube.com/watch?v=VyBOaboQLGc
Jump Game - Greedy - Leetcode 55,https://www.youtube.com/watch?v=Yan0cv2cLy8
Trapping Rain Water - Google Interview Question - Leetcode 42,https://www.youtube.com/watch?v=ZI2z5pq0TqA
Copy List with Random Pointer - Linked List - Leetcode 138,https://www.youtube.com/watch?v=5Y2EiZST97Y
Binary Tree Level Order Traversal - BFS - Leetcode 102,https://www.youtube.com/watch?v=6ZnyEApgFYg
Longest Common Subsequence - Dynamic Programming - Leetcode 1143,https://www.youtube.com/watch?v=Ua0GhsJSlWM
Is Subsequence - Leetcode 392,https://www.youtube.com/watch?v=99RVfqklbCE
House Robber II - Dynamic Programming - Leetcode 213,https://www.youtube.com/watch?v=rWAJCfYYOvM
Island Perimeter - Graph - Leetcode 463,https://www.youtube.com/watch?v=fISIuAFRM2s
House Robber III - Tree - Leetcode 337,https://www.youtube.com/watch?v=nHR8ytpzz7c
Diameter of a Binary Tree - Leetcode 543 - Python,https://www.youtube.com/watch?v=bkxqA8Rfv04
Asteroid Collision - Stack - Leetcode 735,https://www.youtube.com/watch?v=LN7KjRszjk4
Letter Combinations of a Phone Number - Backtracking - Leetcode 17,https://www.youtube.com/watch?v=0snEunUacZY
Kth Smallest Element in a BST - Leetcode 230 - Python,https://www.youtube.com/watch?v=5LUXSvjmGCw
Generate Parentheses - Stack - Leetcode 22,https://www.youtube.com/watch?v=s9fokUqJ76A
First and Last Position of Element in Sorted Array - Binary Search - Leetcode 34,https://www.youtube.com/watch?v=4sQL7R5ySUU
Merge Two Binary Trees - Leetcode 617,https://www.youtube.com/watch?v=QHH6rIK3dDQ
Partition List - Linked List - Leetcode 86,https://www.youtube.com/watch?v=KT1iUciJr4g
Regular Expression Matching - Dynamic Programming Top-Down Memoization - Leetcode 10,https://www.youtube.com/watch?v=HAA8mgxlov8
Clone Graph - Depth First Search - Leetcode 133,https://www.youtube.com/watch?v=mQeF6bN8hMk
Binary Tree Right Side View - Breadth First Search - Leetcode 199,https://www.youtube.com/watch?v=d4zLyf32e3I
Invert Binary Tree - Depth First Search - Leetcode 226,https://www.youtube.com/watch?v=OnSn2XEQ4MY
Sort List - Merge Sort - Leetcode 148,https://www.youtube.com/watch?v=TGveA1oFhrc
Find Median from Data Stream - Heap & Priority Queue - Leetcode 295,https://www.youtube.com/watch?v=itmhHWaHupI
Permutations II - Backtracking - Leetcode 47,https://www.youtube.com/watch?v=qhBVWf0YafA
Convert Sorted Array to Binary Search Tree - Leetcode 108 - Python,https://www.youtube.com/watch?v=0K0uCMYq5ng
Palindrome Partitioning - Backtracking - Leetcode 131,https://www.youtube.com/watch?v=3jvWodd7ht0
Rotate Image - Matrix - Leetcode 48,https://www.youtube.com/watch?v=fMSJSS7eO1w
Unique Paths - Dynamic Programming - Leetcode 62,https://www.youtube.com/watch?v=IlEsdxuD4lY
Subsets - Backtracking - Leetcode 78,https://www.youtube.com/watch?v=REOH22Xwdkk
Minimum Window Substring - Airbnb Interview Question - Leetcode 76,https://www.youtube.com/watch?v=jSto0O4AJbM
Spiral Matrix - Microsoft Interview Question - Leetcode 54,https://www.youtube.com/watch?v=BJnMZNwUk1M
Median of Two Sorted Arrays - Binary Search - Leetcode 4,https://www.youtube.com/watch?v=q6IEA26hvXc
Course Schedule II - Topological Sort - Leetcode 210,https://www.youtube.com/watch?v=Akt3glAwyfY
Merge Intervals - Sorting - Leetcode 56,https://www.youtube.com/watch?v=44H3cEC2fFM
Set Matrix Zeroes - In-place - Leetcode 73,https://www.youtube.com/watch?v=T41rL0L3Pnw
Group Anagrams - Categorize Strings by Count - Leetcode 49,https://www.youtube.com/watch?v=vzdNOK2oB2E
Longest Increasing Subsequence - Dynamic Programming - Leetcode 300,https://www.youtube.com/watch?v=cjWnW0hdF1Y
Validate Binary Search Tree - Depth First Search - Leetcode 98,https://www.youtube.com/watch?v=s6ATEkipzow
Reverse Nodes in K-Group - Linked List - Leetcode 25,https://www.youtube.com/watch?v=1UOPsfP85V4
Coin Change - Dynamic Programming Bottom Up - Leetcode 322,https://www.youtube.com/watch?v=H9bfqozjoqs
Course Schedule - Graph Adjacency List - Leetcode 207,https://www.youtube.com/watch?v=EgI5nU9etnU
Sliding Window Maximum - Monotonic Queue - Leetcode 239,https://www.youtube.com/watch?v=DfljaUwZsOk
Maximum Product Subarray - Dynamic Programming - Leetcode 152,https://www.youtube.com/watch?v=lXVy6YWFcRM
Triangle - Dynamic Programming made Easy - Leetcode 120,https://www.youtube.com/watch?v=OM1MTokvxs4
Swap Nodes in Pairs - Apple Interview Question - Leetcode 24,https://www.youtube.com/watch?v=o811TZLAWOo
Maximal Square - Top Down Memoization - Leetcode 221,https://www.youtube.com/watch?v=6X7Ha2PrDmM
Remove Nth Node from End of List - Oracle Interview Question - Leetcode 19,https://www.youtube.com/watch?v=XVuQxVej6y8
Remove Linked List Elements - Leetcode 203,https://www.youtube.com/watch?v=JI71sxtHTng
Reverse Linked List - Iterative AND Recursive - Leetcode 206 - Python,https://www.youtube.com/watch?v=G0_I-ZF0S38
LRU Cache - Twitch Interview Question - Leetcode 146,https://www.youtube.com/watch?v=7ABFKPK2hD4
Sliding Window: Best Time to Buy and Sell Stock - Leetcode 121 - Python,https://www.youtube.com/watch?v=1pkOgXD63yU
Backtracking: Permutations - Leetcode 46 - Python,https://www.youtube.com/watch?v=s7AvT7cGdSo
Merge Sorted Array - Leetcode 88 - Python,https://www.youtube.com/watch?v=P1Ic85RarKY
Palindrome Linked List - Leetcode 234 - Python,https://www.youtube.com/watch?v=yOzXms1J6Nk
Search Insert Position - Binary Search - Leetcode 35 - Python,https://www.youtube.com/watch?v=K-RYzDZkzCI
Happy Number - Leetcode 202 - Python,https://www.youtube.com/watch?v=ljz85bxOYJ0
Container with Most Water - Leetcode 11 - Python,https://www.youtube.com/watch?v=UuiTKBwPgAo
Merge K Sorted Lists - Leetcode 23 - Python,https://www.youtube.com/watch?v=q5a5OiGbT6Q
Merge Two Sorted Lists - Leetcode 21 - Python,https://www.youtube.com/watch?v=XIdigk956u0
Add Two Numbers - Leetcode 2 - Python,https://www.youtube.com/watch?v=wgFPrzTjm7s
Longest Palindromic Substring - Python - Leetcode 5,https://www.youtube.com/watch?v=XYQecbcd6_c
Number of Subsequences That Satisfy the Given Sum Condition - Leetcode 1498 - Python,https://www.youtube.com/watch?v=xCsIkPLS4Ls
Longest Substring Without Repeating Characters - Leetcode 3 - Python,https://www.youtube.com/watch?v=wiGpQwVHdE0
Sum Root to Leaf Numbers - Coding Interview Question - Leetcode 129,https://www.youtube.com/watch?v=Jk16lZGFWxE
3Sum - Leetcode 15 - Python,https://www.youtube.com/watch?v=jzZsG8n2R9A
Unique Binary Search Trees - Leetcode 96 - Python Dynamic Programming,https://www.youtube.com/watch?v=Ox0TenN3Zpg
House Robber -  Leetcode 198 - Python Dynamic Programming,https://www.youtube.com/watch?v=73r3KWiEvyk
Search in rotated sorted array - Leetcode 33 - Python,https://www.youtube.com/watch?v=U8XENwh8Oy8
NUMBER OF ISLANDS - Leetcode 200 - Python,https://www.youtube.com/watch?v=pV2kpPD66nE
Maximum Subarray - Amazon Coding Interview Question - Leetcode 53 - Python,https://www.youtube.com/watch?v=5WZl3MMT0Eg
TWO SUM II - Amazon Coding Interview Question - Leetcode 167 - Python,https://www.youtube.com/watch?v=cQ1Oz4ckceM
Two Sum - Leetcode 1 - HashMap - Python,https://www.youtube.com/watch?v=KLlXCFG5TnA
LARGEST RECTANGLE IN HISTOGRAM - Leetcode 84 - Python,https://www.youtube.com/watch?v=zx5Sw9130L0
LONGEST CONSECUTIVE SEQUENCE - Leetcode 128,https://www.youtube.com/watch?v=P6RZZMu_maU
REORDER ROUTES TO MAKE ALL PATHS LEAD TO THE CITY ZERO - Leetcode 1466,https://www.youtube.com/watch?v=m17yOR5_PpI
REPLACE ELEMENTS WITH GREATEST ELEMENT ON RIGHT SIDE - Leetcode 1299,https://www.youtube.com/watch?v=ZHjKhUjcsaU
Make Sum Divisible by P - Leetcode 1590 - Python,https://www.youtube.com/watch?v=7FJrMTpadRI
Minimum Operations to Make Array Sum Divisible by K - Leetcode 3512 - Python,https://www.youtube.com/watch?v=BzgZ777a6MU
Maximum Number of K-Divisible Components - Leetcode 2872 - Python,https://www.youtube.com/watch?v=sL2wc9zSqPM
Maximum Subarray Sum With Length Divisible by K - Leetcode 3381 - Python,https://www.youtube.com/watch?v=8rwW3iKqP34
Paths in Matrix Whose Sum Is Divisible by K - Leetcode 2435 - Python,https://www.youtube.com/watch?v=j5168Ug7DvA
Smallest Integer Divisible by K - Leetcode 1015 - Python,https://www.youtube.com/watch?v=Pcz8AGE8vQ8
Binary Prefix Divisible By 5 - Leetcode 1018 - Python,https://www.youtube.com/watch?v=txYvdhuZpxk
Greatest Sum Divisible by Three - Leetcode 1262 - Python,https://www.youtube.com/watch?v=F6hHAdknock
Find Minimum Operations to Make All Elements Divisible by Three - Leetcode 3190 - Python,https://www.youtube.com/watch?v=FO6xvHNZkBg
Unique Length 3 Palindromic Subsequences - Leetcode 1930 - Python,https://www.youtube.com/watch?v=i41CKTKr5Y8
Set Intersection Size At Least Two - Leetcode 757 - Python,https://www.youtube.com/watch?v=la4OkK3pY7o
Keep Multiplying Found Values by Two - Leetcode 2154 - Python,https://www.youtube.com/watch?v=YknLWxLTJv8
1-bit and 2-bit Characters - Leetcode 717 - Python,https://www.youtube.com/watch?v=Ex1zE8OUdC8
Check If All 1's Are at Least Length K Places Away - Leetcode 1437 - Python,https://www.youtube.com/watch?v=A2X-4VIybIY
Number of Substrings With Only 1s - Leetcode 1513 - Python,https://www.youtube.com/watch?v=qCBLnDpBqVs
Count the Number of Substrings With Dominant Ones - Leetcode 3234 - Python,https://www.youtube.com/watch?v=QySHur5CGRI
Increment Submatrices by One - Leetcode 2536 - Python,https://www.youtube.com/watch?v=qO3TKLlvqas
Maximum Number of Operations to Move Ones to the End - Leetcode 3228 - Python,https://www.youtube.com/watch?v=NNdOF1sfOuA
Minimum Number of Operations to Make All Array Elements Equal to 1 - Leetcode 2654 - Python,https://www.youtube.com/watch?v=kuhQWk6GmWg
Ones and Zeroes - Leetcode 474 - Python,https://www.youtube.com/watch?v=l2EfXUSKXJ0
Minimum Operations to Convert All Elements to Zero - Leetcode 3542 - Python,https://www.youtube.com/watch?v=s9-gPx1Nvho
Count Operations to Obtain Zero - Leetcode 2169 - Python,https://www.youtube.com/watch?v=PZb41vsgo9E
Minimum Number of One Bit Operations to Make Integers Zero - Leetcode 1611 - Python,https://www.youtube.com/watch?v=kcDt60Wav7w
Maximize the Minimum Powered City - Leetcode 2528 - Python,https://www.youtube.com/watch?v=iOm-VdQJmSs
Power Grid Maintenance - Leetcode 3607 - Python,https://www.youtube.com/watch?v=c_TCs1dnIzo
Find X-Sum of All K-Long Subarrays II - Leetcode 3321 - Python,https://www.youtube.com/watch?v=4GyVDJq3cqg
Find X-Sum of All K-Long Subarrays I - Leetcode 3318 Python,https://www.youtube.com/watch?v=z65oMfaCSAQ
Minimum Time To Make Rope Colorful - Leetcode 1578 - Python,https://www.youtube.com/watch?v=H0fH83hiFs0
Count Unguarded Cells in the Grid - Leetcode 2257 - Python,https://www.youtube.com/watch?v=GZNl0gFm25Q
Delete Nodes From Linked List Present in Array - Leetcode 3217 - Python,https://www.youtube.com/watch?v=m7_mhLUTj6Q
The Two Sneaky Numbers of Digitville - Leetcode 3289 - Python,https://www.youtube.com/watch?v=Wwml2yq-qH4
Minimum Number of Increments on Subarrays to Form a Target Array - Leetcode 1526 - Python,https://www.youtube.com/watch?v=84mt0YWJd1w
Smallest Number With All Set Bits - Leetcode 3370 - Python,https://www.youtube.com/watch?v=SxoWfYjjRag
Valid Word Abbreviation - Leetcode 408 - Python,https://www.youtube.com/watch?v=m7U90fpD2j0
Buildings With an Ocean View - Leetcode 1762 - Python,https://www.youtube.com/watch?v=ntzA9LS8kLM
Binary Tree Vertical Order Traversal - Leetcode 314 - Python,https://www.youtube.com/watch?v=-JFngYs21Y8
Count Good Triplets - Leetcode 1534 - Python,https://www.youtube.com/watch?v=yTTtuxccFdU
Count Good Numbers - Leetcode 1922 - Python,https://www.youtube.com/watch?v=y_XVeVUpdP4
Partition Equal Subset Sum - Leetcode 416 - Python,https://www.youtube.com/watch?v=snue4L5WrJ4
Largest Divisible Subset - Leetcode 368 - Python,https://www.youtube.com/watch?v=O-aXzrDB49w
Sum of All Subsets XOR Total - Leetcode 1863 - Python,https://www.youtube.com/watch?v=HToBFhTa1uQ
Lowest Common Ancestor of Deepest Leaves - Leetcode 1123 - Python,https://www.youtube.com/watch?v=bMXHK-ASQV0
Maximum Value of an Ordered Triplet II - Leetcode 2874 - Python,https://www.youtube.com/watch?v=yWlxzvpU6WY
Maximum Value of an Ordered Triplet I - Leetcode 2873 - Python,https://www.youtube.com/watch?v=sFY_14A28x0
Solving Questions with Brainpower - Leetcode 2140 - Python,https://www.youtube.com/watch?v=bY2CoVEdEEg
Put Marbles in Bags - Leetcode 2551 - Python,https://www.youtube.com/watch?v=lB_gLotpnuY
Partition Labels - Leetcode 763 - Python,https://www.youtube.com/watch?v=WQZdwxZJAhY
Apply Operations to Maximize Score - Leetcode 2818 - Python,https://www.youtube.com/watch?v=NH-Bkbmj7Sw
Maximum Number of Points From Grid Queries - Leetcode 2503 - Python,https://www.youtube.com/watch?v=NtH8cWBCu3Y
Minimum Index of a Valid Split - Leetcode 2780 - Python,https://www.youtube.com/watch?v=XemmMMz_0mU
Minimum Operations to Make a Uni-Value Grid - Leetcode 2033 - Python,https://www.youtube.com/watch?v=2LfVNDlx8mY
Check if Grid can be Cut into Sections - Leetcode 3394 - Python,https://www.youtube.com/watch?v=X9QtxzsAsYo
Count Days Without Meetings - Leetcode 3169 - Python,https://www.youtube.com/watch?v=VFYTULYpApM
Number of Ways to Arrive at Destination - Leetcode 1976 - Python,https://www.youtube.com/watch?v=VFCzKOH1hnk
Count the Number of Complete Components - Leetcode 2685 - Python,https://www.youtube.com/watch?v=FjLirf3k9ao
Find All Possible Recipes from Given Supplies - Leetcode 2115 - Python,https://www.youtube.com/watch?v=AQrsAc3EcyQ
Minimum Cost Walk in Weighted Graph - Leetcode 3108 - Python,https://www.youtube.com/watch?v=UL8radjMPUM
Minimum Operations to Make Binary Array Elements Equal to One I - Leetcode 3191 - Python,https://www.youtube.com/watch?v=5dg_gAym75I
Longest Nice Subarray - Leetcode 2401 - Python,https://www.youtube.com/watch?v=pcUmxsvTmP0
Divide Array Into Equal Pairs - Leetcode 2206 - Python,https://www.youtube.com/watch?v=vxcpdClAktE
Minimum Time to Repair Cars - Leetcode 2594 - Python,https://www.youtube.com/watch?v=RHct_Pz9EBo
House Robber IV - Leetcode 2560 - Python,https://www.youtube.com/watch?v=OHZqAc6h3Us
Maximum Candies Allocated to K Children - Leetcode 2226 - Python,https://www.youtube.com/watch?v=jpKfrXetb9Q
Number of Substrings Containing All Three Characters - Leetcode 1358 - Python,https://www.youtube.com/watch?v=iSf7d2ldp70
Count of Substrings Containing Every Vowel and K Consonants II - Leetcode 3306 - Python,https://www.youtube.com/watch?v=2wANakxRZNo
Alternating Groups II - Leetcode 3208 - Python,https://www.youtube.com/watch?v=Zexx16dNPX8
Minimum Recolors to Get K Consecutive Black Blocks - Leetcode 2379,https://www.youtube.com/watch?v=cWz4_zUegxE
Closest Prime Numbers in Range - Leetcode 2523 - Python,https://www.youtube.com/watch?v=lcdO8gSWZHw
Find Missing and Repeated Values - Leetcode 2965 - Python,https://www.youtube.com/watch?v=LQGmWiDuTw8
Count Total Number of Colored Cells - Leetcode 2579 - Python,https://www.youtube.com/watch?v=Ajg7LRTBo6U
Check if Number is a Sum of Powers of Three - Leetcode 1780 - Python,https://www.youtube.com/watch?v=99ExTh_0Ycg
Partition Array According to Given Pivot - Leetcode 2161 - Python,https://www.youtube.com/watch?v=OX0bCSG7EfE
Merge Two 2D Arrays by Summing Values - Leetcode 2570 - Python,https://www.youtube.com/watch?v=5MT4KsvOXYs
Apply Operations to an Array - Leetcode 2460 - Python,https://www.youtube.com/watch?v=ur0srHvM1cA
Shortest Common Supersequence - Leetcode 1092 - Python,https://www.youtube.com/watch?v=JkjQNJSxXN0
Length of Longest Fibonacci Subsequence - Leetcode 873 - Python,https://www.youtube.com/watch?v=33kCYPLnvcE
Maximum Absolute Sum of Any Subarray - Leetcode 1749 - Python,https://www.youtube.com/watch?v=y1VEygeHpGU
Number of Sub-arrays With Odd Sum - Leetcode 1524 - Python,https://www.youtube.com/watch?v=AIlI-24oC6Q
Most Profitable Path in a Tree - Leetcode 2467 - Python,https://www.youtube.com/watch?v=mESeQZKfvtY
Construct Binary Tree from Preorder and Postorder Traversal - Leetcode 889 - Python,https://www.youtube.com/watch?v=H1nBu3L-2gQ
Recover a Tree From Preorder Traversal - Leetcode 1028 - Python,https://www.youtube.com/watch?v=VroH6J47kIE
Find Unique Binary String - Leetcode 1980  - Python,https://www.youtube.com/watch?v=xZ9KOLQ6Quw
The k-th Lexicographical String of All Happy Strings of Length n - Leetcode 1415 - Python,https://www.youtube.com/watch?v=tRwXzsXJArI
Construct Smallest Number From DI String - Leetcode 2375 - Python,https://www.youtube.com/watch?v=GgN8d22BEf0
Letter Tile Possibilities - Leetcode 1079 - Python,https://www.youtube.com/watch?v=8FrJX-P_DnE
Construct the Lexicographically Largest Valid Sequence - Leetcode 1718 - Python,https://www.youtube.com/watch?v=rNv0vgNc4Ww
Find the Punishment Number of an Integer - Leetcode 2698 - Python,https://www.youtube.com/watch?v=LWgksJP-5SA
Clear Digits - Leetcode 3174 - Python,https://www.youtube.com/watch?v=f_u_9ixrktQ
Count Number of Bad Pairs - Leetcode 2364 - Python,https://www.youtube.com/watch?v=h13Y9sDbQ6w
Tuple with Same Product - Leetcode 1726 - Python,https://www.youtube.com/watch?v=SSwvMoOhiq0
Check if One String Swap Can Make Strings Equal - Leetcode 1790 - Python,https://www.youtube.com/watch?v=-N4_SJ9hUdY
Maximum Ascending Subarray Sum - Leetcode 1800 - Python,https://www.youtube.com/watch?v=NcsmaL_e_Zg
Longest Strictly Increasing or Strictly Decreasing Subarray - Leetcode 3105 - Python,https://www.youtube.com/watch?v=zDbApBI7UpE
Check if Array Is Sorted and Rotated - Leetcode 1752 - Python,https://www.youtube.com/watch?v=Vzs_vlCIFEw
Special Array I - Leetcode 3151 - Python,https://www.youtube.com/watch?v=RY6P9V878-0
Making A Large Island - Leetcode 827 - Python,https://www.youtube.com/watch?v=pq61VNqXGvA
Divide Nodes Into the Maximum Number of Groups - Leetcode 2493 - Python,https://www.youtube.com/watch?v=Gn0ADjje8Rg
Redundant Connection - Leetcode 684 - Python,https://www.youtube.com/watch?v=1lNK80tOTfc
Maximum Number of Fish in a Grid - Leetcode 2658 - Python,https://www.youtube.com/watch?v=JhAz6CkRGHI
Course Schedule IV - Leetcode 1462 - Python,https://www.youtube.com/watch?v=wYoZMBenHYY
Maximum Employees to Be Invited to a Meeting - Leetcode 2127 - Python,https://www.youtube.com/watch?v=aPBELJa-LM8
Make Lexicographically Smallest Array by Swapping Elements - Leetcode 2948 - Python,https://www.youtube.com/watch?v=-FGl6dzPexY
Find Eventual Safe States - Leetcode 802  - Python,https://www.youtube.com/watch?v=wciKkM3g3wQ
Count Servers that Communicate - Leetcode 1267 - Python,https://www.youtube.com/watch?v=meTbkgqNNYM
Map of Highest Peak - Leetcode 1765 - Python,https://www.youtube.com/watch?v=cQRZ202j-kA
Grid Game - Leetcode 2017 - Python,https://www.youtube.com/watch?v=B90kG-ZlptE
First Completely Painted Row or Column - Leetcode 2661 - Python,https://www.youtube.com/watch?v=Xhqo5_SPJa8
Trapping Rain Water II - Leetcode 407 - Python,https://www.youtube.com/watch?v=onA7_MaPGkM
Minimum Cost to Make at Least One Valid Path in a Grid - Leetcode 1368 - Python,https://www.youtube.com/watch?v=3DwA6AsQvDI
Neighboring Bitwise XOR - Leetcode 2683 - Python,https://www.youtube.com/watch?v=d2ntGf2tSDI
Bitwise XOR of All Pairings - Leetcode 2425 - Python,https://www.youtube.com/watch?v=H9zVwDf6Frk
Minimize XOR - Leetcode 2429 - Python,https://www.youtube.com/watch?v=xhD78PX8Nss
Minimum Length of String After Operations - Leetcode 3223 - Python,https://www.youtube.com/watch?v=f-R9dqsI_FI
Check if a Parentheses String Can Be Valid - Leetcode 2116 - Python,https://www.youtube.com/watch?v=KMIIGDiXLhY
Construct K Palindrome Strings - Leetcode 1400 - Python,https://www.youtube.com/watch?v=D00qGvqmqN0
Word Subsets - Leetcode 916 - Python,https://www.youtube.com/watch?v=LFX61XMU22c
Counting Words With a Given Prefix - Leetcode 2185 - Python,https://www.youtube.com/watch?v=B26hW8fBMj0
Count Prefix and Suffix Pairs I & II - Leetcode 3042 & 3045 - Python,https://www.youtube.com/watch?v=zQrtsvo8lgM
String Matching in an Array - Leetcode 1408 - Python,https://www.youtube.com/watch?v=7K2BjgjCFDo
Minimum Number of Operations to Move All Balls to Each Box - Leetcode 1769 - Python,https://www.youtube.com/watch?v=ZmH3gHiIqfI
Shifting Letters II - Leetcode 2381 - Python,https://www.youtube.com/watch?v=eEUjVY7wK3k
Unique Length-3 Palindromic Subsequences - Leetcode 1930 - Python,https://www.youtube.com/watch?v=2JG5rLM3vz8
Number of Ways to Split Array - Leetcode 2270 - Python,https://www.youtube.com/watch?v=JK_zuiNYJOQ
Count Vowel Strings in Ranges - Leetcode 2559 - Python,https://www.youtube.com/watch?v=TLJd7W-z-yc
Maximum Score After Splitting a String - Leetcode 1422 - Python,https://www.youtube.com/watch?v=eJx-Cyc6KRQ
Minimum Cost For Tickets - Leetcode 983 - Python,https://www.youtube.com/watch?v=4Kww-zIkWWY
Count Ways To Build Good Strings - Leetcode 2466 - Python,https://www.youtube.com/watch?v=QQoIiY4K-M0
Maximum Sum of 3 Non-Overlapping Subarrays - Leetcode 689 - Python,https://www.youtube.com/watch?v=SfjeJ1qyCVg
Best Sightseeing Pair - Leetcode 1014 - Python,https://www.youtube.com/watch?v=YAYnMfHbjz4
Target Sum - Leetcode 494 - Python,https://www.youtube.com/watch?v=dwMOrl85Xes
Find Minimum Diameter After Merging Two Trees - Leetcode 3203 - Python,https://www.youtube.com/watch?v=tK1TLnhmXzw
Minimum Number of Operations to Sort a Binary Tree by Level - Leetcode 2471 - Python,https://www.youtube.com/watch?v=6mONZ_54rZg
Find Building Where Alice and Bob Can Meet - Leetcode 2940 - Python,https://www.youtube.com/watch?v=HJaSuUOUH90
Maximum Number of K-Divisible Components - Leetcode 2872 - Python,https://www.youtube.com/watch?v=xlgOaIK-inc
Reverse Odd Levels of Binary Tree - Leetcode 2415 - Python,https://www.youtube.com/watch?v=3x3JoCb8-tU
Max Chunks To Make Sorted - Leetcode 769 - Python,https://www.youtube.com/watch?v=wpHzXTkuVkY
Final Prices With a Special Discount in a Shop - Leetcode 1475 - Python,https://www.youtube.com/watch?v=BYushAxaQOg
Construct String With Repeat Limit - Leetcode 2182 - Python,https://www.youtube.com/watch?v=Um9_VT78nfg
Final Array State After K Multiplication Operations I - Leetcode 3264 - Python,https://www.youtube.com/watch?v=AaoytRXBXGs
Take Gifts From the Richest Pile - Leetcode 2558 - Python,https://www.youtube.com/watch?v=bHEQ4D_XcyY
Maximum Beauty of an Array After Applying Operation - Leetcode 2779 - Python,https://www.youtube.com/watch?v=x29QnzSBFVI
Minimum Limit of Balls in a Bag - Leetcode 1760 - Python,https://www.youtube.com/watch?v=MQlC8EoOdZ0
Adding Spaces to a String - Leetcode 2109 - Python,https://www.youtube.com/watch?v=jziDtPZJ4fw
Minimum Time to Visit a Cell In a Grid - Leetcode 2577 - Python,https://www.youtube.com/watch?v=Kj98r8IgJOQ
Minimum Obstacle Removal to Reach Corner - Leetcode 2290 - Python,https://www.youtube.com/watch?v=VxeH7_QL-28
Shortest Distance After Road Addition Queries I - Leetcode 3243 - Python,https://www.youtube.com/watch?v=zCeZOyACpUQ
Find Champion II - Leetcode 2924 - Python,https://www.youtube.com/watch?v=HjSmSLPR7S4
Sliding Puzzle - Leetcode 773 - Python,https://www.youtube.com/watch?v=C8wonkVDWz8
Maximum Matrix Sum - Leetcode 1975 - Python,https://www.youtube.com/watch?v=XonYlqE049I
Rotating the Box - Leetcode 1861 - Python,https://www.youtube.com/watch?v=LZr1w0LVzFw
Flip Columns For Maximum Number of Equal Rows - Leetcode 1072 - Python,https://www.youtube.com/watch?v=MsdLjL87BEo
Count Unguarded Cells in the Grid - Leetcode 2257 - Python,https://www.youtube.com/watch?v=3WVHdSWHxxQ
Maximum Sum of Distinct Subarrays With Length K - Leetcode 2461 - Python,https://www.youtube.com/watch?v=pT-lOE1on3M
Defuse the Bomb - Leetcode 1652 - Python,https://www.youtube.com/watch?v=c4oOIi5YTE4
Shortest Subarray with Sum at Least K - Leetcode 862 - Python,https://www.youtube.com/watch?v=5AY70aAHZiQ
Find the Power of K-Size Subarrays I - Leetcode 3254 - Python,https://www.youtube.com/watch?v=67QUp_zOIFg
Shortest Subarray to be Removed to Make Array Sorted - Leetcode 1574 - Python,https://www.youtube.com/watch?v=eHZLQIH1ruk
Minimized Maximum of Products Distributed to Any Store - Leetcode 2064 - Python,https://www.youtube.com/watch?v=GKSSr2xkR8A
Count the Number of Fair Pairs - Leetcode 2563 - Python,https://www.youtube.com/watch?v=TjthKf7Mc_8
Most Beautiful Item for Each Query - Leetcode 2070 - Python,https://www.youtube.com/watch?v=kybir7n8JJg
Prime Subtraction Operation - Leetcode 2601 - Python,https://www.youtube.com/watch?v=G9cp9y45qEs
Shortest Subarray With OR at Least K II - Leetcode 3097 - Python,https://www.youtube.com/watch?v=Bq_BEsgBQOs
Minimum Array End - Leetcode 3133 - Python,https://www.youtube.com/watch?v=4pP-0UpEok4
Maximum XOR for Each Query - Leetcode 1829 - Python,https://www.youtube.com/watch?v=FlSS5reeFyE
Largest Combination With Bitwise AND Greater Than Zero - Leetcode 2275 - Python,https://www.youtube.com/watch?v=rUYfBldVqLY
Find if Array Can Be Sorted - Leetcode 3011 - Python,https://www.youtube.com/watch?v=OpOPUeGFjxE
Minimum Number of Changes to Make Binary String Beautiful - Leetcode 2914 - Python,https://www.youtube.com/watch?v=qhxhrTA4HJw
Circular Sentence - Leetcode 2490 - Python,https://www.youtube.com/watch?v=9Ty_eRjoDNM
Minimum Number of Removals to Make Mountain Array - Leetcode 1671 - Python,https://www.youtube.com/watch?v=Ys-q9qPpleY
Count Square Submatrices with All Ones - Leetcode 1277 - Python,https://www.youtube.com/watch?v=5Li-cR5h_uw
Remove Sub-Folders from the Filesystem - Leetcode 1233 - Python,https://www.youtube.com/watch?v=WDDLp2l9TrM
Cousins in Binary Tree II - Leetcode 2641 - Python,https://www.youtube.com/watch?v=xvwTd19SncE
Kth Largest Sum in a Binary Tree - Leetcode 2583 - Python,https://www.youtube.com/watch?v=Sh-IqBIg9dU
Split a String Into the Max Number of Unique Substrings - Leetcode 1593 - Python,https://www.youtube.com/watch?v=fLjeVALxzjg
Parsing A Boolean Expression - Leetcode 1106 - Python,https://www.youtube.com/watch?v=q2L6yHIIbs8
Find Kth Bit in Nth Binary String - Leetcode 1545 - Python,https://www.youtube.com/watch?v=h9DOEqeb_ZA
Count Number of Maximum Bitwise-OR Subsets - Leetcode 2044 - Python,https://www.youtube.com/watch?v=_wBj3IMV7tY
Maximum Swaps - Leetcode 670 - Python,https://www.youtube.com/watch?v=4FZtJ8420m8
Separate Black and White Balls - Leetcode 2938 - Python,https://www.youtube.com/watch?v=-VVN0FI0KFo
Maximal Score After Applying K Operations - Leetcode 2530 - Python,https://www.youtube.com/watch?v=fiEXkZLwXGQ
Smallest Range Covering Elements from K Lists - Leetcode 632 - Python,https://www.youtube.com/watch?v=L_0aPFMgGpU
Divide Intervals Into Minimum Number of Groups - Leetcode 2406 - Python,https://www.youtube.com/watch?v=FVjKrhdMutc
The Number of the Smallest Unoccupied Chair - Leetcode 1942 - Python,https://www.youtube.com/watch?v=LqhxcaCctCc
Maximum Width Ramp - Leetcode 962 - Python,https://www.youtube.com/watch?v=3pTEJ1vzgSI
Minimum Add to Make Parentheses Valid - Leetcode 921 - Python,https://www.youtube.com/watch?v=UizI7R6ND9Q
Minimum String Length After Removing Substrings - Leetcode 2696 - Python,https://www.youtube.com/watch?v=yBdULgU_EvY
Sentence Similarity III - Leetcode 1813 - Python,https://www.youtube.com/watch?v=tkLM-ClhwWM
Divide Players Into Teams of Equal Skill - Leetcode 2491 - Python,https://www.youtube.com/watch?v=cueOpK5QMEA
Make Sum Divisible by P - Leetcode 1590 - Python,https://www.youtube.com/watch?v=tZXsLAyE0SE
My Calendar II - Leetcode 731 - Python,https://www.youtube.com/watch?v=7utL5cTDcnA
My Calendar I - Leetcode 729 - Python,https://www.youtube.com/watch?v=fIxck3tlId4
Sum of Prefix Scores of Strings - Leetcode 2416 - Python,https://www.youtube.com/watch?v=F-5cmvhLw90
Find the Length of the Longest Common Prefix - Leetcode 3043 - Python,https://www.youtube.com/watch?v=06dIUJwdHlQ
K-th Smallest in Lexicographical Order - Leetcode 440 - Python,https://www.youtube.com/watch?v=wRubz1zhVqk
Lexicographical Numbers - Leetcode 386 - Python,https://www.youtube.com/watch?v=QihtII-FvLo
Rabin Karp - Shortest Palindrome - Leetcode 214,https://www.youtube.com/watch?v=niOT-FK1RH8
Different Ways to Add Parentheses - Leetcode 241 - Python,https://www.youtube.com/watch?v=cykVFFm5D3s
Uncommon Words from Two Sentences - Leetcode 884 - Python,https://www.youtube.com/watch?v=24IYW1kQdYU
Minimum Time Difference - Leetcode 539 - Python,https://www.youtube.com/watch?v=LVBDzeUmNIQ
Find the Longest Substring Containing Vowels in Even Counts - Leetcode 1371 - Python,https://www.youtube.com/watch?v=o17MBWparrI
Longest Subarray With Maximum Bitwise AND - Leetcode 2419 - Python,https://www.youtube.com/watch?v=N8lRlRWA_1Q
XOR Queries of a Subarray - Leetcode 1310 - Python,https://www.youtube.com/watch?v=1Q4lxfSlbPs
Count the Number of Consistent Strings - Leetcode 1684 - Python,https://www.youtube.com/watch?v=CFa2TgIHMN0
Minimum Bit Flips to Convert Number - Leetcode 2220 - Python,https://www.youtube.com/watch?v=yz48myznqQY
Insert Greatest Common Divisors in Linked List - Leetcode 2807 - Python,https://www.youtube.com/watch?v=SS_IlBrocYQ
Spiral Matrix IV - Leetcode 2326 - Python,https://www.youtube.com/watch?v=sOV1nRhmsMQ
Linked List in Binary Tree - Leetcode 1367 - Python,https://www.youtube.com/watch?v=OaA9MgG00AE
Delete Nodes From Linked List Present in Array - Leetcode 3217 - Python,https://www.youtube.com/watch?v=3xZuqYD3EYA
Find Missing Observations - Leetcode 2028 - Python,https://www.youtube.com/watch?v=unIz8W9nuyk
Walking Robot Simulation - Leetcode 874 - Python,https://www.youtube.com/watch?v=wpglWC6mnLg
Covert 1D Array Into 2D Array - Leetcode 2022 - Python,https://www.youtube.com/watch?v=l-VLzZ2riTc
N-ary Tree Postorder Traversal - Leetcode 590 - Python,https://www.youtube.com/watch?v=GMUI91_pDmM
2 Keys Keyboard - Leetcode 650 - Python,https://www.youtube.com/watch?v=jNfZH3mdjOA
Ugly Number II - Leetcode 264 - Python,https://www.youtube.com/watch?v=1pj2a5bmziY
Maximum Number of Points with Cost - Leetcode 1937 - Python,https://www.youtube.com/watch?v=ik1y7fz8AOc
Maximum Distance in Arrays - Leetcode 624 - Python,https://www.youtube.com/watch?v=J0yYlj_oVTI
Lemonade Change - Leetcode 860 - Python,https://www.youtube.com/watch?v=mSVAw0AUZgA
Find K-th Smallest Pair Distance - Leetcode 719 - Python,https://www.youtube.com/watch?v=bQ-QcFKwsZc
Combination Sum II - Leetcode 40 - Python,https://www.youtube.com/watch?v=FOyRpNUSFeA
Minimum Number of Days to Disconnect Island - Leetcode 1568 - Python,https://www.youtube.com/watch?v=aO-QbJ5eZwU
Regions Cut By Slashes - Leetcode 959 - Python,https://www.youtube.com/watch?v=j8KrBYIxHK8
Magic Squares In Grid - Leetcode 840 - Python,https://www.youtube.com/watch?v=FV52wWrivNc
Spiral Matrix III - Leetcode 885 - Python,https://www.youtube.com/watch?v=Xf5Zm5Y8PKM
Integer to English Words - Leetcode 273 - Python,https://www.youtube.com/watch?v=SCtIlKd3mDM
Minimum Number of Pushes to Type Word II - Leetcode 3016 - Python,https://www.youtube.com/watch?v=gvaYi6X6SQw
Kth Distinct String in an Array - Leetcode 2053 - Python,https://www.youtube.com/watch?v=1KOnvGPv9Mo
Range Sum of Sorted Subarray Sums - Leetcode 1508 - Python,https://www.youtube.com/watch?v=7XTGlO6b16A
Make Two Arrays Equal by Reversing Subarrays - Leetcode 1460 - Python,https://www.youtube.com/watch?v=XJkd8HKGcQw
Minimum Swaps to Group All 1's Together II - Leetcode 2134 - Python,https://www.youtube.com/watch?v=BueoreUIkcE
Number of Senior Citizens - Leetcode 2678 - Python,https://www.youtube.com/watch?v=l6_wwKzFmVo
Filling Bookcase Shelves - Leetcode 1105 - Python,https://www.youtube.com/watch?v=lFYPPPTp8qE
Minimum Deletions to Make String Balanced - Leetcode 1653 - Python,https://www.youtube.com/watch?v=WDStNufBUQ8
Diameter of Binary Tree - Leetcode 543 - Python,https://www.youtube.com/watch?v=K81C31ytOZE
Count Number of Teams - Leetcode 1395 - Python,https://www.youtube.com/watch?v=zONHzIqCr-o
Second Minimum Time to Reach Destination - Leetcode 2045 - Python,https://www.youtube.com/watch?v=2F7gwxfy1CU
Minimum Cost to Convert String I - Leetcode 2976 - Python,https://www.youtube.com/watch?v=AVJhazQsNms
Find the City With the Smallest Number of Neighbors at a Threshold Distance - Leetcode 1334 - Python,https://www.youtube.com/watch?v=--wKPR3ByJc
Sort the Jumbled Numbers - Leetcode 2191 - Python,https://www.youtube.com/watch?v=rmkF2mxPoZM
Sort Array by Increasing Frequency - Leetcode 1636 - Python,https://www.youtube.com/watch?v=Evq1SfUbhBg
Sort the People - Leetcode 2418 - Python,https://www.youtube.com/watch?v=Zv_gXqqslbw
Build a Matrix With Conditions - Leetcode 2392 - Python,https://www.youtube.com/watch?v=khTKB1PzCuw
Find Valid Matrix Given Row and Column Sums - Leetcode 1605 - Python,https://www.youtube.com/watch?v=Ks6fGnXkHPg
Lucky Numbers in a Matrix - Leetcode 1380 - Python,https://www.youtube.com/watch?v=ceuQgACqr78
Number of Good Leaf Nodes Pairs - Leetcode 1530 - Python,https://www.youtube.com/watch?v=f_epkBeS1LQ
Delete Nodes And Return Forest - Leetcode 1110 - Python,https://www.youtube.com/watch?v=UhKu0q1yXHY
Step-By-Step Directions from a Binary Tree Node to Another - Leetcode 2096 - Python,https://www.youtube.com/watch?v=JegJNGcwtFg
Create Binary Tree from Descriptions - Leetcode 2196 - Python,https://www.youtube.com/watch?v=yWkrFfqO7NA
Number of Atoms - Leetcode 726 - Python,https://www.youtube.com/watch?v=iuK05gGBzJc
Robot Collisions - Leetcode 2751 - Python,https://www.youtube.com/watch?v=FMV5Pp0tdXY
Maximum Score From Removing Substrings - Leetcode 1717 - Python,https://www.youtube.com/watch?v=r_3a0oG1VcY
Reverse Substrings Between Each Pair of Parentheses - Leetcode 1190 - Python,https://www.youtube.com/watch?v=n_pCJmg-RyU
Crawler Log Folder - Leetcode 1598 - Python,https://www.youtube.com/watch?v=Ur3saIXP7ro
Average Waiting Time - Leetcode 1701 - Python,https://www.youtube.com/watch?v=2fN7uIgCIBA
Find the Winner of the Circular Game - Leetcode 1823 - Python,https://www.youtube.com/watch?v=PBBQgW_75e0
Water Bottles - Leetcode 1518 - Python,https://www.youtube.com/watch?v=V4d6xym5efE
Find the Minimum and Maximum Number of Nodes Between Critical Points - Leetcode 2058 - Python,https://www.youtube.com/watch?v=UddDgt52h9g
Merge Nodes in Between Zeros - Leetcode 2181 - Python,https://www.youtube.com/watch?v=jrSav7fulJY
Minimum Difference Between Largest and Smallest Value in Three Moves - Leetcode 1509 - Python,https://www.youtube.com/watch?v=S6cUjbQuTnE
Permutations - Leetcode 46 - Python,https://www.youtube.com/watch?v=FZe0UqISmUw
Maximum Total Importance of Roads - Leetcode 2285 - Python,https://www.youtube.com/watch?v=NIhXLEiQAPM
Minimum Number of K Consecutive Bit Flips - Leetcode 995 - Python,https://www.youtube.com/watch?v=Fv3M9uO5ovU
Longest Continuous Subarray with Absolute Diff Less than or Equal to Limit - Leetcode 1438 - Python,https://www.youtube.com/watch?v=V-ecDfY5xEw
Count Number of Nice Subarrays - Leetcode 1248 - Python,https://www.youtube.com/watch?v=4zNK0rhFfcA
Grumpy Bookstore Owner - Leetcode 1052 - Python,https://www.youtube.com/watch?v=pXFbNuEIn8Q
Sum of Square Numbers - Leetcode 633 - Python,https://www.youtube.com/watch?v=B0UrG_X2faA
Minimum Increment to Make Array Unique - Leetcode 945 - Python,https://www.youtube.com/watch?v=XPPs2Wj2YSk
Minimum Number of Moves to Seat Everyone - Leetcode 2037 - Python,https://www.youtube.com/watch?v=wS7Ag33hf8E
Relative Sort Array - Leetcode 1122 - Python,https://www.youtube.com/watch?v=OPvcR1e4lfg
Height Checker - Leetcode 1051 - Python,https://www.youtube.com/watch?v=mQAoeYaE3Xk
Subarray Sums Divisible by K - Leetcode 974 - Python,https://www.youtube.com/watch?v=bcXy-T4Sc3E
Find Common Characters - Leetcode 1002 - Python,https://www.youtube.com/watch?v=QEESBA2Q_88
Longest Palindrome - Leetcode 409 - Python,https://www.youtube.com/watch?v=_g9jrLuAphs
Append Characters to Strings to Make Subsequence - Leetcode 2486 - Python,https://www.youtube.com/watch?v=gKDmO8ZLRD8
Score of a String - Leetcode 3110 - Python,https://www.youtube.com/watch?v=imbrLFL20tQ
Single Number III - Leetcode 260 - Python,https://www.youtube.com/watch?v=faoVORjd-T8
Count Triplets That Can Form Two Arrays of Equal XOR - Leetcode 1442 - Python,https://www.youtube.com/watch?v=e4Yx9KjqzQ8
Number of Steps to Reduce a Number in Binary Representation to One - Leetcode 1404 - Python,https://www.youtube.com/watch?v=qxt7_HD8Cag
Get Equal Substrings Within Budget - Leetcode 1208 - Python,https://www.youtube.com/watch?v=3lsT1Le526U
Special Array with X Elements Greater than or Equal X - Leetcode 1608 - Python,https://www.youtube.com/watch?v=Z51jYCeBLVI
Student Attendance Record II - Leetcode 552 - Python,https://www.youtube.com/watch?v=BPIJ5ROX0i4
Word Break II - Leetcode 140 - Python,https://www.youtube.com/watch?v=QgLKdluDo08
Maximum Score Words Formed By Letters - Leetcode 1255 - Python,https://www.youtube.com/watch?v=1cV8Hq9IAk4
The Number of Beautiful Subsets - Leetcode 2597 - Python,https://www.youtube.com/watch?v=Dle_SpjHTio
Sum of All Subsets XOR Total - Leetcode 1863 - Python,https://www.youtube.com/watch?v=LI7YR-bwNYY
Find the Maximum Sum of Node Values - Leetcode 3068 - Python,https://www.youtube.com/watch?v=bnBp6_b4GCw
Distribute Coins in Binary Tree - Leetcode 979 - Python,https://www.youtube.com/watch?v=YfdfIOeV_RU
Delete Leaves With a Given Value - Leetcode 1325 - Python,https://www.youtube.com/watch?v=FqAoYAwbwV8
Evaluate Boolean Binary Tree - Leetcode 2331 - Python,https://www.youtube.com/watch?v=9a_cP54jn8Q
Find the Safest Path in a Grid - Leetcode 2812 - Python,https://www.youtube.com/watch?v=-5mQcNiVWTs
Path with Maximum Gold - Leetcode 1219 - Python,https://www.youtube.com/watch?v=I1wllM_pozY
Score After Flipping Matrix - Leetcode 861 - Python,https://www.youtube.com/watch?v=FbhzRA5den8
Largest Local Values in a Matrix - Leetcode 2373 - Python,https://www.youtube.com/watch?v=wdTRu9sarFA
Minimum Cost to Hire K Workers - Leetcode 857 - Python,https://www.youtube.com/watch?v=f879mUH6vJk
Remove Nodes From Linked List - Leetcode 2487 - Python,https://www.youtube.com/watch?v=y783sRTezDg
Freedom Trail - Leetcode 514 - Python,https://www.youtube.com/watch?v=NOgnlTXidSs
Minimum Falling Path Sum II - Leetcode 1289 - Python,https://www.youtube.com/watch?v=_b8sptrsFEM
Longest Ideal Subsequence - Leetcode 2370 - Python,https://www.youtube.com/watch?v=gR1E2oLQYSY
Minimum Height Trees - Leetcode 310 - Python,https://www.youtube.com/watch?v=wQGQnyv_9hI
Smallest String Starting From Leaf - Leetcode 988 - Python,https://www.youtube.com/watch?v=UvdWfxQ_ZDs
Reveal Cards In Increasing Order - Leetcode 950 - Python,https://www.youtube.com/watch?v=i2QrUdwWlak
Time Needed to Buy Tickets - Leetcode 2073 - Python,https://www.youtube.com/watch?v=cVmS9N6kf2Y
Number of Students Unable to Eat Lunch - Leetcode 1700 - Python,https://www.youtube.com/watch?v=d_cvtFwnOZg
Minimum Remove to Make Valid Parentheses - Leetcode 1249 - Python,https://www.youtube.com/watch?v=mgQ4O9iUEbg
Make The String Great - Leetcode 1544 - Python,https://www.youtube.com/watch?v=10tBWNjzvtw
Maximum Nesting Depth of the Parentheses - Leetcode 1614 - Python,https://www.youtube.com/watch?v=FiQFJvCvWK4
Subarrays with K Different Integers - Leetcode 992 - Python,https://www.youtube.com/watch?v=etI6HqWVa8U
Count Subarrays Where Max Element Appears at Least K Times - Leetcode 2962 - Python,https://www.youtube.com/watch?v=CZ-z1ViskzE
Length of Longest Subarray With at Most K Frequency - Leetcode 2958 - Python,https://www.youtube.com/watch?v=W_KYZGp2QzU
Subarray Product Less Than K - Leetcode 713 - Python,https://www.youtube.com/watch?v=Cg6_nF7YIks
Find All Duplicates in an Array - Leetcode 442 - Python,https://www.youtube.com/watch?v=Y8x0iAVEITo
Merge in Between Linked Lists - Leetcode 1669 - Python,https://www.youtube.com/watch?v=pI775VutBxg
Minimum Number of Arrows to Burst Balloons - Leetcode 452 - Python,https://www.youtube.com/watch?v=lPmkKnvNPrw
Contiguous Array - Leetcode 525 - Python,https://www.youtube.com/watch?v=agB1LyObUNE
Binary Subarrays with Sum - Leetcode 930 - Python,https://www.youtube.com/watch?v=j4JDr4-jvo4
Intersection of Two Arrays - Leetcode 349 - Python,https://www.youtube.com/watch?v=fwUTXaMom6U
Minimum Length of String after Deleting Similar Ends - Leetcode 1750 - Python,https://www.youtube.com/watch?v=318hrWVr_5U
Bag of Tokens - Leetcode 948 - Python,https://www.youtube.com/watch?v=prI82maTivg
Maximum Odd Binary Number - Leetcode 2864 - Python,https://www.youtube.com/watch?v=EUKLOAv4-IQ
Even Odd Tree - Leetcode 1609 - Python,https://www.youtube.com/watch?v=FkNWN1Fj_TY
Greatest Common Divisor Traversal - Leetcode 2709 - Python,https://www.youtube.com/watch?v=jZ-RVp5CVYY
Find All People With Secret - Leetcode 2092 - Python,https://www.youtube.com/watch?v=1XujGRSU1bQ
Find the Town Judge - Leetcode 997 - Python,https://www.youtube.com/watch?v=QiGaxdUINJ8
Bitwise AND of Numbers Range - Leetcode 201 - Python,https://www.youtube.com/watch?v=R3T0olAhUq0
Power of Two - Leetcode 231 - Python,https://www.youtube.com/watch?v=H2bjttEV4Vc
Meeting Rooms III - Leetcode 2402 - Python,https://www.youtube.com/watch?v=2VLwjvODQbA
Furthest Building You Can Reach - Leetcode 1642 - Python,https://www.youtube.com/watch?v=zyTeznvXCtg
Least Number of Unique Integers after K Removal - Leetcode 1481 - Python,https://www.youtube.com/watch?v=Nsp_ta7SlEk
Find Polygon with the Largest Perimeter - Leetcode 2971 - Python,https://www.youtube.com/watch?v=Yk9Mor-Y488
Rearrange Array Elements by Sign - Leetcode 2149 - Python,https://www.youtube.com/watch?v=SoPmcGzz9-E
Find First Palindromic String in the Array - Leetcode 2108 - Python,https://www.youtube.com/watch?v=4JA5MW772N0
Cherry Pickup II - Leetcode 1463 - Python,https://www.youtube.com/watch?v=c1stwk2TbNk
Largest Divisible Subset - Leetcode 368 - Python,https://www.youtube.com/watch?v=LeRU6irRoW0
Sort Characters By Frequency - Leetcode 451 - Python,https://www.youtube.com/watch?v=OXdXc9HTrIg
First Unique Character in a String - Leetcode 387 - Python,https://www.youtube.com/watch?v=rBENYgWy3xU
Partition Array for Maximum Sum - Leetcode 1043 - Python,https://www.youtube.com/watch?v=kWhy4ZUBdOY
Sequential Digits - Leetcode 1291 - Python,https://www.youtube.com/watch?v=Q-ca65wRJyI
Divide Array Into Arrays With Max Difference - Leetcode 2966 - Python,https://www.youtube.com/watch?v=XleOio1oJeo
Implement Queue using Stacks - Leetcode 232 - Python,https://www.youtube.com/watch?v=eanwa3ht3YQ
Number of Submatrices that Sum to Target - Leetcode 1074 - Python,https://www.youtube.com/watch?v=43DRBP2DUHg
K Inverse Pairs Array - Leetcode 629 - Python,https://www.youtube.com/watch?v=dglwb30bUKI
Out of Boundary Paths - Leetcode 576 - Python,https://www.youtube.com/watch?v=Bg5CLRqtNmk
Pseudo-Palindromic Paths in a Binary Tree - Leetcode 1457 - Python,https://www.youtube.com/watch?v=MBsSpQnaFzg
Set Mismatch - Leetcode 645 - Python,https://www.youtube.com/watch?v=d-ulaeRBA64
Sum of Subarray Minimums - Leetcode 907 - Python,https://www.youtube.com/watch?v=aX1F2-DrBkQ
Minimum Falling Path Sum - Leetcode 931 - Python,https://www.youtube.com/watch?v=b_F3mz9l-uQ
Leaf-Similar Trees - Leetcode 872 - Python,https://www.youtube.com/watch?v=Nr8dbnL0_cM
Range Sum of BST - Leetcode 938 - Python,https://www.youtube.com/watch?v=uLVG45n4Sbg
Arithmetic Slices II - Leetcode 446 - Python,https://www.youtube.com/watch?v=YIMwwT9JdIE
Maximum Profit in Job Scheduling - Leetcode 1235 - Python,https://www.youtube.com/watch?v=JLoWc3v0SiE
Minimum Numbers of Operations to Make Array Empty - Leetcode 2870 - Python,https://www.youtube.com/watch?v=_AcO35R0fss
Number of Laser Beams in a Bank - Leetcode 2125 - Python,https://www.youtube.com/watch?v=KLeKv59LAFY
Convert an Array Into a 2D Array With Conditions - Leetcode 2610 - Python,https://www.youtube.com/watch?v=9pl1QiaGgmI
Assign Cookies - Leetcode 455 - Python,https://www.youtube.com/watch?v=JW8fgvoxPTg
Largest Substring Between Two Equal Characters - Leetcode 1624 - Python,https://www.youtube.com/watch?v=66b2V_rCuJw
Redistribute Characters to Make All Strings Equal - Leetcode 1897 - Python,https://www.youtube.com/watch?v=a3SmUiimBi8
Minimum Difficulty of a Job Schedule - Leetcode 1335 - Python,https://www.youtube.com/watch?v=DAAULrZFeLI
String Compression II - Leetcode 1531 - Python,https://www.youtube.com/watch?v=ISIG3o-Xofg
Minimum Time To Make Rope Colorful - Leetcode 1578 - Python,https://www.youtube.com/watch?v=9_9jwd2DHMU
Number of Dice Rolls with Target Sum - Leetcode 1155 - Python,https://www.youtube.com/watch?v=hfUxjdjVQN4
Minimum Changes To Make Alternating Binary String - Leetcode 1758 - Python,https://www.youtube.com/watch?v=9vAQdmVU2ds
Path Crossing - Leetcode 1496 - Python,https://www.youtube.com/watch?v=VWRJBNP7uH8
Maximum Score After Splitting a String - Leetcode 1422 - Python,https://www.youtube.com/watch?v=mc_eSStDrWw
Wildest Vertical Area Between Two Points Containing No Points - Leetcode 1637 - Python,https://www.youtube.com/watch?v=6XnvNCTyJP4
Buy Two Chocolates - Leetcode 2706 - Python,https://www.youtube.com/watch?v=BTzNimiQdW4
Image Smoother - Leetcode 661 - Python,https://www.youtube.com/watch?v=xa83GG1RIOY
Maximum Product Difference Between Two - Leetcode 1913 - Python,https://www.youtube.com/watch?v=wBPoEm3r3EA
Design a Food Rating System - Leetcode 2353 - Python,https://www.youtube.com/watch?v=Ikp8SgbgbEo
Destination City - Leetcode 1436 - Python,https://www.youtube.com/watch?v=Hi8vMnnTZHE
Transpose Matrix - Leetcode 867 - Python,https://www.youtube.com/watch?v=DzMT3bDgVn0
Largest Odd Number in String - Leetcode 1903 - Python,https://www.youtube.com/watch?v=svuPjFAUeDE
Calculate Money in Leetcode Bank - Leetcode 1716 - Python,https://www.youtube.com/watch?v=tKK7gvPCQfs
Count of Matches in Tournament - Leetcode 1688 - Python,https://www.youtube.com/watch?v=lslcc0tumpU
Largest 3-Same-Digit Number in String - Leetcode 2264 - Python,https://www.youtube.com/watch?v=vcrOpJQHsSE
Find Words That Can Be Formed by Characters - Leetcode 1160 - Python,https://www.youtube.com/watch?v=EQ5jTZdEn8Y
Check If Two String Arrays are Equivalent - Leetcode 1662 - Python,https://www.youtube.com/watch?v=ejBwc2oE7ck
Minimum Number of One Bit Operations to Make Integers Zero - Leetcode 1611 - Python,https://www.youtube.com/watch?v=yRI18_MaG7k
Number of Ways to Divide a Long Corridor - Leetcode 2147 - Python,https://www.youtube.com/watch?v=YOTjCd4Eyhc
Knight Dialer - Leetcode 935 - Python,https://www.youtube.com/watch?v=vlsUUm_qqsY
Largest Submatrix With Rearrangements - Leetcode 1727 - Python,https://www.youtube.com/watch?v=NYyIVuSCfOA
Sum of Absolute Differences in a Sorted Array - Leetcode 1685 - Python,https://www.youtube.com/watch?v=3nkc-e66JmA
Maximum Element After Decreasing and Rearranging - Leetcode 1846 - Python,https://www.youtube.com/watch?v=o_hVl8IXuIE
K-th Symbol in Grammar - Leetcode 779 - Python,https://www.youtube.com/watch?v=pmD2HCKaqRQ
Find Largest Value in Tree Row - Leetcode 515 - Python,https://www.youtube.com/watch?v=wB9JOh7Z_cY
Power of Four - Leetcode 342 - Python,https://www.youtube.com/watch?v=qEYZPwnlM0U
Maximum Score of a Good Subarray - Leetcode 1793 - Python,https://www.youtube.com/watch?v=_K7oyQlAjv4
Constrained Subsequence Sum - Leetcode 1425 - Python,https://www.youtube.com/watch?v=-IYZv-nOSys
Flatten Nested List Iterator - Leetcode 341 - Python,https://www.youtube.com/watch?v=4ILiBgLokM8
Backspace String Compare - Leetcode 844 - Python,https://www.youtube.com/watch?v=k2qrymM_DOo
Parallel Courses III - Leetcode 2050 - Python,https://www.youtube.com/watch?v=a_NlRPnqCrg
Validate Binary Tree Nodes - Leetcode 1361 - Python,https://www.youtube.com/watch?v=Mw67DTgUEqk
Pascal's Triangle II - Leetcode 119 - Python,https://www.youtube.com/watch?v=k1DNTyal77I
Number of Ways to Stay in the Same Place After Some Steps - Leetcode 1269 - Python,https://www.youtube.com/watch?v=8YBGXG-8sRI
Painting the Walls - Leetcode 2742 - Python,https://www.youtube.com/watch?v=qMZJunF5UaI
Find in Mountain Array - Leetcode 1095 - Python,https://www.youtube.com/watch?v=BGgYC-YkGvc
Number of Flowers in Full Bloom - Leetcode 2251 - Python,https://www.youtube.com/watch?v=zY3Uty9IwvY
Minimum Number of Operations to Make Array Continuous - Leetcode 2009 - Python,https://www.youtube.com/watch?v=Dd-yJylrcOY
Majority Element II - Leetcode 229 - Python,https://www.youtube.com/watch?v=Eua-UrQ_ANo
Number of Good Pairs - Leetcode 1512 - Python,https://www.youtube.com/watch?v=BqhDFUo1rjs
Remove Colored Pieces if Both Neighbors are the Same Color - Leetcode 2038 - Python,https://www.youtube.com/watch?v=T54GScWobZ4
Reverse Words in a String III - Leetcode 557 - Python,https://www.youtube.com/watch?v=7kUEwiwwnlA
Monotonic Array - Leetcode 896 - Python,https://www.youtube.com/watch?v=sqWOFIZ9Z0U
Sort Array by Parity - Leetcode 905 - Python,https://www.youtube.com/watch?v=QC4c9fyr8As
Find the Difference - Leetcode 389 - Python,https://www.youtube.com/watch?v=oFmv4N4z00c
Champagne Tower - Leetcode 799 - Python,https://www.youtube.com/watch?v=LQ8TuG_QADM
Longest String Chain - Leetcode 1048 - Python,https://www.youtube.com/watch?v=7b0V1gT_TIk
Minimum Operations to Reduce X to Zero - Leetcode 1658 - Python,https://www.youtube.com/watch?v=xumn16n7njs
Path with Minimum Effort - Leetcode 1631 - Python,https://www.youtube.com/watch?v=XQlxCCx2vI4
Candy - Leetcode 135 - Python,https://www.youtube.com/watch?v=1IzCRCcK17A
Minimum Deletions to Make Character Frequencies Unique - Leetcode 1647 - Python,https://www.youtube.com/watch?v=h8AZEN49gTc
Count all Valid Pickup and Delivery Options - Leetcode 1359 - Python,https://www.youtube.com/watch?v=OpgslsirW8s
Split Linked List in Parts - Leetcode 725 - Python,https://www.youtube.com/watch?v=-OTlqdrxrVI
Extra Characters in a String - Leetcode 2707 - Python,https://www.youtube.com/watch?v=ONstwO1cD7c
Minimum Penalty for a Shop - Leetcode 2483 - Python,https://www.youtube.com/watch?v=0d7ShRoOFVE
Maximum Length of Pair Chain - Leetcode 646 - Python,https://www.youtube.com/watch?v=LcNNorqMVTw
Text Justification - Leetcode 68 - Python,https://www.youtube.com/watch?v=TzMl4Z7pVh8
Excel Sheet Column Title - Leetcode 168 - Python,https://www.youtube.com/watch?v=X_vJDpCCuoA
Find Critical and Pseudo Critical Edges in Minimum Spanning Tree - Leetcode 1489 - Python,https://www.youtube.com/watch?v=83JnUxrLKJU
Check if There is a Valid Partition For The Array - Leetcode 2369 - Python,https://www.youtube.com/watch?v=OxXPiwWFdTI
Search in Rotated Sorted Array II - Leetcode 81 - Python,https://www.youtube.com/watch?v=oUnF7o88_Xc
Minimize the Maximum Difference of Pairs - Leetcode 2616 - Python,https://www.youtube.com/watch?v=lf1Pxg7IrzQ
Number of Music Playlists - Leetcode 920 - Python,https://www.youtube.com/watch?v=gk4qzZSmyrs
Unique Binary Search Trees II - Leetcode 95 - Python,https://www.youtube.com/watch?v=m907FlQa2Yc
Nested Array Generator - Leetcode 2649 - JavaScript 30-Day Challenge,https://www.youtube.com/watch?v=yo-J1jQaZYU
Time Needed to Inform All Employees - Leetcode 1376 - Python,https://www.youtube.com/watch?v=zdBYi0p4L5Q
Detonate the Maximum Bombs - Leetcode 2101 - Python,https://www.youtube.com/watch?v=8NPbAvVXKR4
Generate Fibonacci Sequence - Leetcode 2648 - JavaScript 30-Day Challenge,https://www.youtube.com/watch?v=T643rQ70Jlk
Array Wrapper - Leetcode 2695 - JavaScript 30-Day Challenge,https://www.youtube.com/watch?v=XoGjPdPTAVA
Event Emitter - Leetcode 2694 - JavaScript 30-Day Challenge,https://www.youtube.com/watch?v=M69bjWFarU0
Design Underground System  - Leetcode 1396 - Python,https://www.youtube.com/watch?v=W5QOLqXskZM
Call Function with Custom Context - Leetcode 2693 - JavaScript 30-Day Challenge,https://www.youtube.com/watch?v=du_GH-Ooa8E
Design HashSet - Leetcode 705 - Python,https://www.youtube.com/watch?v=VymjPQUXjL8
Check if Object Instance of Class - Leetcode 2618 - JavaScript 30-Day Challenge,https://www.youtube.com/watch?v=meIo-Q07Ba8
Design Parking System - Leetcode 1603 - Python,https://www.youtube.com/watch?v=d5zCHesOrSk
Group By - Leetcode 2631 - JavaScript 30-Day Challenge,https://www.youtube.com/watch?v=zs9axOyYHRE
Minimum Cost to Cut a Stick - Leetcode 1547 - Python,https://www.youtube.com/watch?v=EVxTO5I0d7w
Array Prototype Last - Leetcode 2619 - JavaScript 30-Day Challenge,https://www.youtube.com/watch?v=3JdtfMBrUqc
Stone Game III - Leetcode 1406 - Python,https://www.youtube.com/watch?v=HsLG5QW9CFQ
Flatten Deeply Nested Array - Leetcode 2625 - JavaScript 30-Day Challenge,https://www.youtube.com/watch?v=_DetLPKtFNk
Stone Game II - Leetcode 1140 - Python,https://www.youtube.com/watch?v=I-z-u0zfQtg
Chunk Array - Leetcode 2677 - JavaScript 30-Day Challenge,https://www.youtube.com/watch?v=VUN-O3B9ceY
New 21 Game - Leetcode 837 - Python,https://www.youtube.com/watch?v=zKi4LzjK27k
Maximum Subsequence Score - Leetcode 2542 - Python,https://www.youtube.com/watch?v=ax1DKi5lJwk
Difference Between Two Objects - Leetcode 2700 - JavaScript 30-Day Challenge,https://www.youtube.com/watch?v=gH7oZs1WZfg
Array of Objects to Matrix - Leetcode 2675 - JavaScript 30-Day Challenge,https://www.youtube.com/watch?v=LJwgAMHGcI0
Convert Object to JSON String - Leetcode 2633 - JavaScript 30-Day Challenge,https://www.youtube.com/watch?v=f94fUbHU-FY
JSON Deep Equal - Leetcode 2628 - JavaScript 30-Day Challenge,https://www.youtube.com/watch?v=4JVZ-mVqJPg
Throttle - Leetcode 2676 - JavaScript 30-Day Challenge,https://www.youtube.com/watch?v=zyGZV_fIQWk
Evaluate Division - Leetcode 399 - Python,https://www.youtube.com/watch?v=Uei1fwDoyKk
Debounce - Leetcode 2627 - JavaScript 30-Day Challenge,https://www.youtube.com/watch?v=1sxSpnxNx5w
Is Graph Bipartite? - Leetcode 785 - Python,https://www.youtube.com/watch?v=mev55LTubBY
Cache With Time Limit - Leetcode 2622 - JavaScript 30-Day Challenge,https://www.youtube.com/watch?v=w772gtNK0Gw
Minimum Number of Vertices to Reach all Nodes - Leetcode 1557 - Python,https://www.youtube.com/watch?v=TLzcum7vrTc
Promise Pool - Leetcode 2636 - JavaScript 30-Day Challenge,https://www.youtube.com/watch?v=DB8pAAg-9xw
Promise Time Limit - Leetcode 2637 - JavaScript 30-Day Challenge,https://www.youtube.com/watch?v=hfH57rdZhOk
Sleep - Leetcode 2621 - JavaScript 30-Day Challenge,https://www.youtube.com/watch?v=P0D9Z6H7O00
Swapping Nodes in a Linked List - Leetcode 1721 - Python,https://www.youtube.com/watch?v=4LsrgMyQIjQ
Maximize Score after N Operations - Leetcode 1799 - Python,https://www.youtube.com/watch?v=RRQVDqp5RSE
Curry - Leetcode 2632 - JavaScript 30-Day Challenge,https://www.youtube.com/watch?v=pi4kqMWQXxA
Memoize - Leetcode 2623 - JavaScript 30-Day Challenge,https://www.youtube.com/watch?v=oFXyzJt9VeU
Count Ways to Build Good Strings - Leetcode 2466 - Python,https://www.youtube.com/watch?v=JKpVHG2mhbk
Allow One Function Call - Leetcode 2666 - JavaScript 30-Day Challenge,https://www.youtube.com/watch?v=m_SWhM9iX3s
Solving Questions With Brainpower - Leetcode 2140 - Python,https://www.youtube.com/watch?v=D7TD_ArkfkA
Uncrossed Lines - Leetcode 1035 - Python,https://www.youtube.com/watch?v=mnJF4vJ7GyE
Function Composition - Leetcode 2629 - JavaScript 30-Day Challenge,https://www.youtube.com/watch?v=mIFw1H7Ljco
Array Reduce Transformation (Transforms) - Leetcode 2626 - JavaScript 30-Day Challenge,https://www.youtube.com/watch?v=KmTbYfpGxdM
Spiral Matrix II - Leetcode 59 - Python,https://www.youtube.com/watch?v=RvLrWFBJ9fM
Filter Elements from Array (Transforms) - Leetcode 2634 - JavaScript 30-Day Challenge,https://www.youtube.com/watch?v=w1o81gbEEJU
Apply Transform over each Element in Array (Transform) - Leetcode 2635 - JavaScript 30-Day Challenge,https://www.youtube.com/watch?v=7FhJHA5jlYk
Matrix Diagonal Sum - Leetcode 1572 - Python,https://www.youtube.com/watch?v=WliTu6gIK7o
Find the Longest Valid Obstacle Course at Each Position - Leetcode 1964 - Python,https://www.youtube.com/watch?v=Xq9VT7p0lic
Maximum Number of Vowels in a Substring of Given Length - Leetcode 1456 - Python,https://www.youtube.com/watch?v=kEfPSzgL-Ss
Dota2 Senate - Leetcode 649 - Python,https://www.youtube.com/watch?v=zZA5KskfMuQ
Find the Difference of Two Arrays - Leetcode 2215 - Python,https://www.youtube.com/watch?v=a4wqKR-znBE
Sign of An Array - Leetcode 1822 - Python,https://www.youtube.com/watch?v=ILDLM86jNow
Remove Max Number of Edges to Keep Graph Fully Traversable - Leetcode 1579 - Python,https://www.youtube.com/watch?v=booGwg5wYm4
Profitable Schemes - Leetcode 879 - Python,https://www.youtube.com/watch?v=CcLKQLKvOl8
Maximum Width of Binary Tree - Leetcode 662 - Python,https://www.youtube.com/watch?v=FPzLE2L7uHs
Merge Strings Alternately - Leetcode 1768 - Python,https://www.youtube.com/watch?v=LECWOvTo-Sc
Number of Ways to Form a Target String Given a Dictionary - Leetcode 1639 - Python,https://www.youtube.com/watch?v=_GF-0T-YjW8
Maximum Value of K Coins from Piles - Leetcode 2218 - Python,https://www.youtube.com/watch?v=ZRdEd_eun8g
Longest Palindromic Subsequence - Leetcode 516 - Python,https://www.youtube.com/watch?v=bUr8cNWI09Q
Validate Stack Sequences - Leetcode 946 - Python,https://www.youtube.com/watch?v=mzua0r94kb8
Removing Stars From a String - Leetcode 2390 - Python,https://www.youtube.com/watch?v=pRyFZIaKegA
Largest Color Value in a Directed Graph - Leetcode 1857 - Python,https://www.youtube.com/watch?v=xLoDjKczUSk
Number of Enclaves - Leetcode 1020 - Python,https://www.youtube.com/watch?v=gf0zsh1FIgE
Number of Closed Islands - Leetcode 1254 - Python,https://www.youtube.com/watch?v=X8k48xek8g8
Minimize Maximum of Array - Leetcode 2439 - Python,https://www.youtube.com/watch?v=AeHMvcKuR0Y
Optimal Partition of String - Leetcode 2405 - Python,https://www.youtube.com/watch?v=CKZPdiXiQf0
Successful Pairs of Spells and Potions - Leetcode 2300 - Python,https://www.youtube.com/watch?v=OKnm5oyAhWg
Sqrt(x) - Leetcode 69 - Python,https://www.youtube.com/watch?v=zdMhGxRWutQ
Minimum Score of a Path Between Two Cities - Leetcode 2492 - Python,https://www.youtube.com/watch?v=K7-mXA0irhY
Number of Zero-Filled Subarrays - Leetcode 2348 - Python,https://www.youtube.com/watch?v=G-EWVGCcL_w
Binary Tree Postorder Traversal - Leetcode 145 - Python,https://www.youtube.com/watch?v=QhszUQhGGlA
Binary Tree Preorder Traversal - Leetcode 144 - Python,https://www.youtube.com/watch?v=afTpieEZXck
Accounts Merge - Leetcode 721 - Python,https://www.youtube.com/watch?v=6st4IxEF-90
Find Peak Element - Leetcode 162 - Python,https://www.youtube.com/watch?v=kMzJy9es7Hc
Construct Binary Tree from Inorder and Postorder Traversal - Leetcode 106 - Python,https://www.youtube.com/watch?v=vm63HuIU7kw
Check Completeness of a Binary Tree - Leetcode 958 - Python,https://www.youtube.com/watch?v=olbiZ-EOSig
Symmetric Tree - Leetcode 101 - Python,https://www.youtube.com/watch?v=Mao9uzxwvmc
Concatenation of Array - Leetcode 1929 - Python,https://www.youtube.com/watch?v=68isPRHgcFQ
Maximum Twin Sum of a Linked List - Leetcode 2130 - Python,https://www.youtube.com/watch?v=doj95MelfSA
Remove Duplicates from Sorted Array II - Leetcode 80 - Python,https://www.youtube.com/watch?v=ycAq8iqh0TI
Ones and Zeroes - Leetcode 474 - Python,https://www.youtube.com/watch?v=miZ3qV04b1g
Sort an Array - Leetcode 912 - Python,https://www.youtube.com/watch?v=MsYZSinhuFo
Find Duplicate Subtrees - Leetcode 652 - Python,https://www.youtube.com/watch?v=kn0Z5_qPPzY
Construct Quad Tree - Leetcode 427 - Python,https://www.youtube.com/watch?v=UQ-1sBMV0v4
Last Stone Weight II - Leetcode 1049 - Python,https://www.youtube.com/watch?v=gdXkkmzvR3c
Longest Turbulent Array - Leetcode 978 - Python,https://www.youtube.com/watch?v=V_iHUhR8Dek
Minimize Deviation in Array - Leetcode 1675 - Python,https://www.youtube.com/watch?v=boHNFptxo2A
IPO - Leetcode 502 - Python,https://www.youtube.com/watch?v=1IUzNJ6TPEM
Capacity to Ship Packages - Leetcode 1011 - Python,https://www.youtube.com/watch?v=ER_oLmdc-nw
Single Element in a Sorted Array - Leetcode 540 - Python,https://www.youtube.com/watch?v=HGtqdzyUJ3k
Course Schedule IV - Leetcode 1462 - Python,https://www.youtube.com/watch?v=cEW05ofxhn0
Middle of the Linked List - Leetcode 876 - Python,https://www.youtube.com/watch?v=A2_ldqM4QcY
Binary Tree Zigzag Level Order Traversal - Leetcode 103 - Python,https://www.youtube.com/watch?v=igbboQbiwqw
Range Sum Query Immutable - Leetcode 303 - Python,https://www.youtube.com/watch?v=2pndAmo_sMA
Design Hashmap - Leetcode 706 - Python,https://www.youtube.com/watch?v=cNWsgbKwwoU
Minimum Distance between BST Nodes - Leetcode 783 - Python,https://www.youtube.com/watch?v=joxx4hTYwcw
Unique Paths II - Leetcode 63 - Python,https://www.youtube.com/watch?v=d3UOz7zdE4I
Add to Array-Form of Integer - Leetcode 989 - Python,https://www.youtube.com/watch?v=eBTZQt1TWfk
Path with Maximum Probability - Leetcode 1514 - Python,https://www.youtube.com/watch?v=kPsDTGcrzGM
Contains Duplicate II - Leetcode 219 - Python,https://www.youtube.com/watch?v=ypn0aZ0nrL4
Count Odd Numbers in an Interval Range - Leetcode 1523 - Python,https://www.youtube.com/watch?v=wrIWye928JQ
Minimum Fuel Cost to Report to the Capital - Leetcode 2477 - Python,https://www.youtube.com/watch?v=I3lnDUIzIG4
Shortest Path with Alternating Colors - Leetcode 1129 - Python,https://www.youtube.com/watch?v=69rcy6lb-HQ
As Far from Land as Possible - Leetcode 1162 - Python,https://www.youtube.com/watch?v=fjxb1hQfrZk
Naming a Company - Leetcode 2306 - Python,https://www.youtube.com/watch?v=NrHpgTScOcY
Number of Subarrays of size K and Average Greater than or Equal to Threshold - Leetcode 1343 Python,https://www.youtube.com/watch?v=D8B4tKxMTnY
Fruits into Basket - Leetcode 904 - Python,https://www.youtube.com/watch?v=yYtaV0G3mWQ
Shuffle the Array (Constant Space) - Leetcode 1470 - Python,https://www.youtube.com/watch?v=IvIKD_EU8BY
Delete Node in a BST - Leetcode 450 - Python,https://www.youtube.com/watch?v=LFzAoJJt92M
Insert into a Binary Search Tree - Leetcode 701 - Python,https://www.youtube.com/watch?v=Cpg8f79luEA
Shortest Path in a Binary Matrix - Leetcode 1091 - Python,https://www.youtube.com/watch?v=YnxUdAO7TAo
Greatest Common Divisor of Strings - Leetcode 1071 - Python,https://www.youtube.com/watch?v=i5I_wrbUdzM
Best Team with no Conflicts - Leetcode 1626 - Python,https://www.youtube.com/watch?v=7kURH3btcV4
N-th Tribonacci Number - Leetcode 1137,https://www.youtube.com/watch?v=3lpNp5Ojvrw
LFU Cache - Leetcode 460 - Python,https://www.youtube.com/watch?v=bLEIHn-DgoA
Data Stream as Disjoint Intervals - Leetcode 352 - Python,https://www.youtube.com/watch?v=FavoZjPIWpo
Concatenated Words - Leetcode 472 - Python,https://www.youtube.com/watch?v=iHp7fjw1R28
Find Closest Node to Given Two Nodes - Leetcode 2359 - Python,https://www.youtube.com/watch?v=AZA8orksO4w
Maximum Sum Circular Subarray - Leetcode 918 - Python,https://www.youtube.com/watch?v=fxT9KjakYPM
Flip String to Monotone Increasing - Leetcode 926 - Python,https://www.youtube.com/watch?v=tMq9z5k3umQ
Number of Good Paths - Leetcode 2421 - Python,https://www.youtube.com/watch?v=rv2GBYQm7xM
Design Browser History - Leetcode 1472 - Python,https://www.youtube.com/watch?v=i1G-kKnBu8k
Minimum Time to Collect All Apples in a Tree - Leetcode 1443 - Python,https://www.youtube.com/watch?v=Xdt5Z583auM
Design Linked List - Leetcode 707 - Python,https://www.youtube.com/watch?v=Wf4QhpdVFQo
Maximum Points on a Line - Leetcode 149 - Python,https://www.youtube.com/watch?v=Bb9lOXUOnFw
